-- MySQL dump 10.13  Distrib 8.0.12, for Win64 (x86_64)
--
-- Host: localhost    Database: estados
-- ------------------------------------------------------
-- Server version	8.0.12

/*!40101 SET @OLD_CHARACTER_SET_CLIENT=@@CHARACTER_SET_CLIENT */;
/*!40101 SET @OLD_CHARACTER_SET_RESULTS=@@CHARACTER_SET_RESULTS */;
/*!40101 SET @OLD_COLLATION_CONNECTION=@@COLLATION_CONNECTION */;
 SET NAMES utf8 ;
/*!40103 SET @OLD_TIME_ZONE=@@TIME_ZONE */;
/*!40103 SET TIME_ZONE='+00:00' */;
/*!40014 SET @OLD_UNIQUE_CHECKS=@@UNIQUE_CHECKS, UNIQUE_CHECKS=0 */;
/*!40014 SET @OLD_FOREIGN_KEY_CHECKS=@@FOREIGN_KEY_CHECKS, FOREIGN_KEY_CHECKS=0 */;
/*!40101 SET @OLD_SQL_MODE=@@SQL_MODE, SQL_MODE='NO_AUTO_VALUE_ON_ZERO' */;
/*!40111 SET @OLD_SQL_NOTES=@@SQL_NOTES, SQL_NOTES=0 */;

--
-- Table structure for table `colonia`
--

DROP TABLE IF EXISTS `colonia`;
/*!40101 SET @saved_cs_client     = @@character_set_client */;
 SET character_set_client = utf8mb4 ;
CREATE TABLE `colonia` (
  `id` int(11) NOT NULL AUTO_INCREMENT,
  `codigo_postal` int(11) DEFAULT NULL,
  `colonia` varchar(145) DEFAULT NULL,
  `tipo_asentamiento` varchar(45) DEFAULT NULL,
  PRIMARY KEY (`id`)
) ENGINE=InnoDB AUTO_INCREMENT=63 DEFAULT CHARSET=utf8mb4 COLLATE=utf8mb4_0900_ai_ci;
/*!40101 SET character_set_client = @saved_cs_client */;

--
-- Dumping data for table `colonia`
--

LOCK TABLES `colonia` WRITE;
/*!40000 ALTER TABLE `colonia` DISABLE KEYS */;
INSERT INTO `colonia` VALUES (1,74200,'ATLIXCO CENTRO','COLONIA'),(2,74200,'ATLIXCO CENTRO','COLONIA'),(3,74210,'LA GUARDIA','COLONIA'),(4,74210,'LOMAS DE AXOCOPAN','COLONIA'),(5,74210,'CORTIJO DE LOS SOLES','COLONIA'),(6,74210,'HUERTA DE SAN JOSE','COLONIA'),(7,74210,'LOS ANGELES','COLONIA'),(8,74210,'LAS NIEVES','COLONIA'),(9,74215,'SAN ALFONSO','COLONIA'),(10,74215,'VILLA HELENA','CONJUNTO HABITACIONAL'),(11,74218,'EL BARREAL','COLONIA'),(12,74218,'REAL CONVEIMA ATLIXCO','FRACCIONAMIENTO'),(13,74218,'VISTA HERMOSA','COLONIA'),(14,74218,'EL ENCANTO DEL CERRIL','COLONIA'),(15,74218,'ATLIXCO 90','COLONIA'),(16,74220,'AHUEHUETES','COLONIA'),(17,74220,'BENITO JUAREZ','COLONIA'),(18,74220,'LOS LLANOS','COLONIA'),(19,74227,'XALPATLACO','COLONIA'),(20,74227,'INFONAVIT','UNIDAD HABITACIONAL'),(21,74230,'RANCHO GAMBOA','COLONIA'),(22,74230,'SOLARES CHICOS','COLONIA'),(23,74230,'EL POPO','COLONIA'),(24,74230,'SOLARES GRANDES','COLONIA'),(25,74239,'FOVISSSTE','UNIDAD HABITACIONAL'),(26,74240,'MAXIMINO AVILA CAMACHO','COLONIA'),(27,74240,'ALTA VISTA','COLONIA'),(28,74240,'RICARDO FLORES MAGON (FRACCION SAN FELIX)','COLONIA'),(29,74250,'LA SOLEDAD','COLONIA'),(30,74250,'SANTA ROSA CHAPULAPA','COLONIA'),(31,74250,'SAN JUAN DE DIOS','COLONIA'),(32,74250,'RICARDO TREVIÑO','COLONIA'),(33,74260,'ALVARO OBREGON','COLONIA'),(34,74260,'PRADO SUR','COLONIA'),(35,74260,'LA CONCORDIA','COLONIA'),(36,74260,'HOGAR DEL OBRERO','COLONIA'),(37,74270,'REVOLUCION','COLONIA'),(38,74280,'SANTA MONICA','COLONIA'),(39,74280,'LA CAROLINA','COLONIA'),(40,74280,'EL CARMEN','COLONIA'),(41,74280,'GUADALUPE VICTORIA','COLONIA'),(42,74280,'SAN JOSE CUAUHTEMOC','COLONIA'),(43,74280,'INSURGENTES','COLONIA'),(44,74290,'MILITAR','UNIDAD HABITACIONAL'),(45,74290,'CORTIJO DE LA ALFONSINA','COLONIA'),(46,74290,'VALLE SUR','COLONIA'),(47,74290,'LA HACIENDA','FRACCIONAMIENTO'),(48,74290,'FRANCISCO I MADERO','COLONIA'),(49,74293,'VAL DE CRISTO','COLONIA'),(50,74293,'LOS VIRREYES','COLONIA'),(51,74293,'EL ENCANTO','RANCHERIA'),(52,74294,'LA MORALEDA','FRACCIONAMIENTO'),(53,74294,'CLUB DE GOLF EL CRISTO','FRACCIONAMIENTO'),(54,74294,'LAS CALANDRIAS','FRACCIONAMIENTO'),(55,74295,'EL PEDREGAL','COLONIA'),(56,74295,'SANTA CRUZ','COLONIA'),(57,74296,'TEPEYAC','COLONIA'),(58,73480,'IXTEPEC','PUEBLO'),(59,73482,'CUAJINAMIN','RANCHERIA'),(60,73482,'TAKALTZAPS','RANCHERIA'),(61,73483,'ESCATACHUCHUT','RANCHERIA'),(62,73486,'SAN MARTIN','PUEBLO');
/*!40000 ALTER TABLE `colonia` ENABLE KEYS */;
UNLOCK TABLES;

--
-- Table structure for table `estados`
--

DROP TABLE IF EXISTS `estados`;
/*!40101 SET @saved_cs_client     = @@character_set_client */;
 SET character_set_client = utf8mb4 ;
CREATE TABLE `estados` (
  `id` int(11) NOT NULL AUTO_INCREMENT,
  `estado` varchar(100) NOT NULL,
  PRIMARY KEY (`id`)
) ENGINE=InnoDB AUTO_INCREMENT=33 DEFAULT CHARSET=latin1;
/*!40101 SET character_set_client = @saved_cs_client */;

--
-- Dumping data for table `estados`
--

LOCK TABLES `estados` WRITE;
/*!40000 ALTER TABLE `estados` DISABLE KEYS */;
INSERT INTO `estados` VALUES (1,'AGUASCALIENTES'),(2,'BAJA CALIFORNIA'),(3,'BAJA CALIFORNIA SUR'),(4,'CAMPECHE'),(5,'COAHUILA DE ZARAGOZA'),(6,'COLIMA'),(7,'CHIAPAS'),(8,'CHIHUAHUA'),(9,'DISTRITO FEDERAL'),(10,'DURANGO'),(11,'GUANAJUATO'),(12,'GUERRERO'),(13,'HIDALGO'),(14,'JALISCO'),(15,'MEXICO'),(16,'MICHOACAN DE OCAMPO'),(17,'MORELOS'),(18,'NAYARIT'),(19,'NUEVO LEON'),(20,'OAXACA DE JUAREZ'),(21,'PUEBLA'),(22,'QUERETARO'),(23,'QUINTANA ROO'),(24,'SAN LUIS POTOSI'),(25,'SINALOA'),(26,'SONORA'),(27,'TABASCO'),(28,'TAMAULIPAS'),(29,'TLAXCALA'),(30,'VERACRUZ DE IGNACIO DE LA LLAVE'),(31,'YUCATAN'),(32,'ZACATECAS');
/*!40000 ALTER TABLE `estados` ENABLE KEYS */;
UNLOCK TABLES;

--
-- Table structure for table `estados_municipios`
--

DROP TABLE IF EXISTS `estados_municipios`;
/*!40101 SET @saved_cs_client     = @@character_set_client */;
 SET character_set_client = utf8mb4 ;
CREATE TABLE `estados_municipios` (
  `id` int(11) NOT NULL AUTO_INCREMENT,
  `estados_id` int(11) NOT NULL,
  `municipios_id` int(11) NOT NULL,
  PRIMARY KEY (`id`),
  UNIQUE KEY `estados_id` (`estados_id`,`municipios_id`),
  KEY `municipios_id_refs_id_6d8b23ec` (`municipios_id`),
  CONSTRAINT `estados_id_refs_id_cb2ad4e5` FOREIGN KEY (`estados_id`) REFERENCES `estados` (`id`),
  CONSTRAINT `municipios_id_refs_id_6d8b23ec` FOREIGN KEY (`municipios_id`) REFERENCES `municipios` (`id`)
) ENGINE=InnoDB AUTO_INCREMENT=2458 DEFAULT CHARSET=latin1;
/*!40101 SET character_set_client = @saved_cs_client */;

--
-- Dumping data for table `estados_municipios`
--

LOCK TABLES `estados_municipios` WRITE;
/*!40000 ALTER TABLE `estados_municipios` DISABLE KEYS */;
INSERT INTO `estados_municipios` VALUES (1,1,1),(2,1,2),(3,1,3),(4,1,4),(5,1,5),(6,1,6),(7,1,7),(8,1,8),(9,1,9),(10,1,10),(11,1,11),(12,2,12),(13,2,13),(14,2,14),(15,2,15),(16,2,16),(17,3,17),(18,3,18),(19,3,19),(20,3,20),(21,3,21),(22,4,22),(23,4,23),(24,4,24),(25,4,25),(26,4,26),(27,4,27),(28,4,28),(29,4,29),(30,4,30),(31,4,31),(32,4,32),(33,5,33),(34,5,34),(35,5,35),(36,5,36),(37,5,37),(38,5,38),(39,5,39),(40,5,40),(41,5,41),(42,5,42),(43,5,43),(44,5,44),(45,5,45),(46,5,46),(47,5,47),(48,5,48),(49,5,49),(50,5,50),(51,5,51),(52,5,52),(53,5,53),(54,5,54),(55,5,55),(56,5,56),(57,5,57),(58,5,58),(59,5,59),(60,5,60),(61,5,61),(62,5,62),(63,5,63),(64,5,64),(65,5,65),(66,5,66),(67,5,67),(68,5,68),(69,5,69),(70,5,70),(71,6,71),(72,6,72),(73,6,73),(74,6,74),(75,6,75),(76,6,76),(77,6,77),(78,6,78),(79,6,79),(80,6,80),(81,7,81),(82,7,82),(83,7,83),(84,7,84),(85,7,85),(86,7,86),(87,7,87),(88,7,88),(89,7,89),(90,7,90),(91,7,91),(92,7,92),(93,7,93),(94,7,94),(95,7,95),(96,7,96),(97,7,97),(98,7,98),(99,7,99),(100,7,100),(101,7,101),(102,7,102),(103,7,103),(104,7,104),(105,7,105),(106,7,106),(107,7,107),(108,7,108),(109,7,109),(110,7,110),(111,7,111),(112,7,112),(113,7,113),(114,7,114),(115,7,115),(116,7,116),(117,7,117),(118,7,118),(119,7,119),(120,7,120),(121,7,121),(122,7,122),(123,7,123),(124,7,124),(125,7,125),(126,7,126),(127,7,127),(128,7,128),(129,7,129),(130,7,130),(131,7,131),(132,7,132),(133,7,133),(134,7,134),(135,7,135),(136,7,136),(137,7,137),(138,7,138),(139,7,139),(140,7,140),(141,7,141),(142,7,142),(143,7,143),(144,7,144),(145,7,145),(146,7,146),(147,7,147),(148,7,148),(149,7,149),(150,7,150),(151,7,151),(152,7,152),(153,7,153),(154,7,154),(155,7,155),(156,7,156),(157,7,157),(158,7,158),(159,7,159),(160,7,160),(161,7,161),(162,7,162),(163,7,163),(164,7,164),(165,7,165),(166,7,166),(167,7,167),(168,7,168),(169,7,169),(170,7,170),(171,7,171),(172,7,172),(173,7,173),(174,7,174),(175,7,175),(176,7,176),(177,7,177),(178,7,178),(179,7,179),(180,7,180),(181,7,181),(182,7,182),(183,7,183),(184,7,184),(185,7,185),(186,7,186),(187,7,187),(188,7,188),(189,7,189),(190,7,190),(191,7,191),(192,7,192),(193,7,193),(194,7,194),(195,7,195),(196,7,196),(197,7,197),(198,7,198),(199,8,199),(200,8,200),(201,8,201),(202,8,202),(203,8,203),(204,8,204),(205,8,205),(206,8,206),(207,8,207),(208,8,208),(209,8,209),(210,8,210),(211,8,211),(212,8,212),(213,8,213),(214,8,214),(215,8,215),(216,8,216),(217,8,217),(218,8,218),(219,8,219),(220,8,220),(221,8,221),(222,8,222),(223,8,223),(224,8,224),(225,8,225),(226,8,226),(227,8,227),(228,8,228),(229,8,229),(230,8,230),(231,8,231),(232,8,232),(233,8,233),(234,8,234),(235,8,235),(236,8,236),(237,8,237),(238,8,238),(239,8,239),(240,8,240),(241,8,241),(242,8,242),(243,8,243),(244,8,244),(245,8,245),(246,8,246),(247,8,247),(248,8,248),(249,8,249),(250,8,250),(251,8,251),(252,8,252),(253,8,253),(254,8,254),(255,8,255),(256,8,256),(257,8,257),(258,8,258),(259,8,259),(260,8,260),(261,8,261),(262,8,262),(263,8,263),(264,8,264),(265,8,265),(266,9,266),(267,9,267),(268,9,268),(269,9,269),(270,9,270),(271,9,271),(272,9,272),(273,9,273),(274,9,274),(275,9,275),(276,9,276),(277,9,277),(278,9,278),(279,9,279),(280,9,280),(281,9,281),(282,10,282),(283,10,283),(284,10,284),(285,10,285),(286,10,286),(287,10,287),(288,10,288),(289,10,289),(290,10,290),(291,10,291),(292,10,292),(293,10,293),(294,10,294),(295,10,295),(296,10,296),(297,10,297),(298,10,298),(299,10,299),(300,10,300),(301,10,301),(302,10,302),(303,10,303),(304,10,304),(305,10,305),(306,10,306),(307,10,307),(308,10,308),(309,10,309),(310,10,310),(311,10,311),(312,10,312),(313,10,313),(314,10,314),(315,10,315),(316,10,316),(317,10,317),(318,10,318),(319,10,319),(320,10,320),(321,11,321),(322,11,322),(323,11,323),(324,11,324),(325,11,325),(326,11,326),(327,11,327),(328,11,328),(329,11,329),(330,11,330),(331,11,331),(332,11,332),(333,11,333),(334,11,334),(335,11,335),(336,11,336),(337,11,337),(338,11,338),(339,11,339),(340,11,340),(341,11,341),(342,11,342),(343,11,343),(344,11,344),(345,11,345),(346,11,346),(347,11,347),(348,11,348),(349,11,349),(350,11,350),(351,11,351),(352,11,352),(353,11,353),(354,11,354),(355,11,355),(356,11,356),(357,11,357),(358,11,358),(359,11,359),(360,11,360),(361,11,361),(362,11,362),(363,11,363),(364,11,364),(365,11,365),(366,11,366),(367,12,367),(368,12,368),(369,12,369),(370,12,370),(371,12,371),(372,12,372),(373,12,373),(374,12,374),(375,12,375),(376,12,376),(377,12,377),(378,12,378),(379,12,379),(380,12,380),(381,12,381),(382,12,382),(383,12,383),(384,12,384),(385,12,385),(386,12,386),(387,12,387),(388,12,388),(389,12,389),(390,12,390),(391,12,391),(392,12,392),(393,12,393),(394,12,394),(395,12,395),(396,12,396),(397,12,397),(398,12,398),(399,12,399),(400,12,400),(401,12,401),(402,12,402),(403,12,403),(404,12,404),(405,12,405),(406,12,406),(407,12,407),(408,12,408),(409,12,409),(410,12,410),(411,12,411),(412,12,412),(413,12,413),(414,12,414),(415,12,415),(416,12,416),(417,12,417),(418,12,418),(419,12,419),(420,12,420),(421,12,421),(422,12,422),(423,12,423),(424,12,424),(425,12,425),(426,12,426),(427,12,427),(428,12,428),(429,12,429),(430,12,430),(431,12,431),(432,12,432),(433,12,433),(434,12,434),(435,12,435),(436,12,436),(437,12,437),(438,12,438),(439,12,439),(440,12,440),(441,12,441),(442,12,442),(443,12,443),(444,12,444),(445,12,445),(446,12,446),(447,12,447),(448,13,448),(449,13,449),(450,13,450),(451,13,451),(452,13,452),(453,13,453),(454,13,454),(455,13,455),(456,13,456),(457,13,457),(458,13,458),(459,13,459),(460,13,460),(461,13,461),(462,13,462),(463,13,463),(464,13,464),(465,13,465),(466,13,466),(467,13,467),(468,13,468),(469,13,469),(470,13,470),(471,13,471),(472,13,472),(473,13,473),(474,13,474),(475,13,475),(476,13,476),(477,13,477),(478,13,478),(479,13,479),(480,13,480),(481,13,481),(482,13,482),(483,13,483),(484,13,484),(485,13,485),(486,13,486),(487,13,487),(488,13,488),(489,13,489),(490,13,490),(491,13,491),(492,13,492),(493,13,493),(494,13,494),(495,13,495),(496,13,496),(497,13,497),(498,13,498),(499,13,499),(500,13,500),(501,13,501),(502,13,502),(503,13,503),(504,13,504),(505,13,505),(506,13,506),(507,13,507),(508,13,508),(509,13,509),(510,13,510),(511,13,511),(512,13,512),(513,13,513),(514,13,514),(515,13,515),(516,13,516),(517,13,517),(518,13,518),(519,13,519),(520,13,520),(521,13,521),(522,13,522),(523,13,523),(524,13,524),(525,13,525),(526,13,526),(527,13,527),(528,13,528),(529,13,529),(530,13,530),(531,13,531),(532,14,532),(533,14,533),(534,14,534),(535,14,535),(536,14,536),(537,14,537),(538,14,538),(539,14,539),(540,14,540),(541,14,541),(542,14,542),(543,14,543),(544,14,544),(545,14,545),(546,14,546),(547,14,547),(548,14,548),(549,14,549),(550,14,550),(551,14,551),(552,14,552),(553,14,553),(554,14,554),(555,14,555),(556,14,556),(557,14,557),(558,14,558),(559,14,559),(560,14,560),(561,14,561),(562,14,562),(563,14,563),(564,14,564),(565,14,565),(566,14,566),(567,14,567),(568,14,568),(569,14,569),(570,14,570),(571,14,571),(572,14,572),(573,14,573),(574,14,574),(575,14,575),(576,14,576),(577,14,577),(578,14,578),(579,14,579),(580,14,580),(581,14,581),(582,14,582),(583,14,583),(584,14,584),(585,14,585),(586,14,586),(587,14,587),(588,14,588),(589,14,589),(590,14,590),(591,14,591),(592,14,592),(593,14,593),(594,14,594),(595,14,595),(596,14,596),(597,14,597),(598,14,598),(599,14,599),(600,14,600),(601,14,601),(602,14,602),(603,14,603),(604,14,604),(605,14,605),(606,14,606),(607,14,607),(608,14,608),(609,14,609),(610,14,610),(611,14,611),(612,14,612),(613,14,613),(614,14,614),(615,14,615),(616,14,616),(617,14,617),(618,14,618),(619,14,619),(620,14,620),(621,14,621),(622,14,622),(623,14,623),(624,14,624),(625,14,625),(626,14,626),(627,14,627),(628,14,628),(629,14,629),(630,14,630),(631,14,631),(632,14,632),(633,14,633),(634,14,634),(635,14,635),(636,14,636),(637,14,637),(638,14,638),(639,14,639),(640,14,640),(641,14,641),(642,14,642),(643,14,643),(644,14,644),(645,14,645),(646,14,646),(647,14,647),(648,14,648),(649,14,649),(650,14,650),(651,14,651),(652,14,652),(653,14,653),(654,14,654),(655,14,655),(656,14,656),(657,15,657),(658,15,658),(659,15,659),(660,15,660),(661,15,661),(662,15,662),(663,15,663),(664,15,664),(665,15,665),(666,15,666),(667,15,667),(668,15,668),(669,15,669),(670,15,670),(671,15,671),(672,15,672),(673,15,673),(674,15,674),(675,15,675),(676,15,676),(677,15,677),(678,15,678),(679,15,679),(680,15,680),(681,15,681),(682,15,682),(683,15,683),(684,15,684),(685,15,685),(686,15,686),(687,15,687),(688,15,688),(689,15,689),(690,15,690),(691,15,691),(692,15,692),(693,15,693),(694,15,694),(695,15,695),(696,15,696),(697,15,697),(698,15,698),(699,15,699),(700,15,700),(701,15,701),(702,15,702),(703,15,703),(704,15,704),(705,15,705),(706,15,706),(707,15,707),(708,15,708),(709,15,709),(710,15,710),(711,15,711),(712,15,712),(713,15,713),(714,15,714),(715,15,715),(716,15,716),(717,15,717),(718,15,718),(719,15,719),(720,15,720),(721,15,721),(722,15,722),(723,15,723),(724,15,724),(725,15,725),(726,15,726),(727,15,727),(728,15,728),(729,15,729),(730,15,730),(731,15,731),(732,15,732),(733,15,733),(734,15,734),(735,15,735),(736,15,736),(737,15,737),(738,15,738),(739,15,739),(740,15,740),(741,15,741),(742,15,742),(743,15,743),(744,15,744),(745,15,745),(746,15,746),(747,15,747),(748,15,748),(749,15,749),(750,15,750),(751,15,751),(752,15,752),(753,15,753),(754,15,754),(755,15,755),(756,15,756),(757,15,757),(758,15,758),(759,15,759),(760,15,760),(761,15,761),(762,15,762),(763,15,763),(764,15,764),(765,15,765),(766,15,766),(767,15,767),(768,15,768),(769,15,769),(770,15,770),(771,15,771),(772,15,772),(773,15,773),(774,15,774),(775,15,775),(776,15,776),(777,15,777),(778,15,778),(779,15,779),(780,15,780),(781,15,781),(782,16,782),(783,16,783),(784,16,784),(785,16,785),(786,16,786),(787,16,787),(788,16,788),(789,16,789),(790,16,790),(791,16,791),(792,16,792),(793,16,793),(794,16,794),(795,16,795),(796,16,796),(797,16,797),(798,16,798),(799,16,799),(800,16,800),(801,16,801),(802,16,802),(803,16,803),(804,16,804),(805,16,805),(806,16,806),(807,16,807),(808,16,808),(809,16,809),(810,16,810),(811,16,811),(812,16,812),(813,16,813),(814,16,814),(815,16,815),(816,16,816),(817,16,817),(818,16,818),(819,16,819),(820,16,820),(821,16,821),(822,16,822),(823,16,823),(824,16,824),(825,16,825),(826,16,826),(827,16,827),(828,16,828),(829,16,829),(830,16,830),(831,16,831),(832,16,832),(833,16,833),(834,16,834),(835,16,835),(836,16,836),(837,16,837),(838,16,838),(839,16,839),(840,16,840),(841,16,841),(842,16,842),(843,16,843),(844,16,844),(845,16,845),(846,16,846),(847,16,847),(848,16,848),(849,16,849),(850,16,850),(851,16,851),(852,16,852),(853,16,853),(854,16,854),(855,16,855),(856,16,856),(857,16,857),(858,16,858),(859,16,859),(860,16,860),(861,16,861),(862,16,862),(863,16,863),(864,16,864),(865,16,865),(866,16,866),(867,16,867),(868,16,868),(869,16,869),(870,16,870),(871,16,871),(872,16,872),(873,16,873),(874,16,874),(875,16,875),(876,16,876),(877,16,877),(878,16,878),(879,16,879),(880,16,880),(881,16,881),(882,16,882),(883,16,883),(884,16,884),(885,16,885),(886,16,886),(887,16,887),(888,16,888),(889,16,889),(890,16,890),(891,16,891),(892,16,892),(893,16,893),(894,16,894),(895,17,895),(896,17,896),(897,17,897),(898,17,898),(899,17,899),(900,17,900),(901,17,901),(902,17,902),(903,17,903),(904,17,904),(905,17,905),(906,17,906),(907,17,907),(908,17,908),(909,17,909),(910,17,910),(911,17,911),(912,17,912),(913,17,913),(914,17,914),(915,17,915),(916,17,916),(917,17,917),(918,17,918),(919,17,919),(920,17,920),(921,17,921),(922,17,922),(923,17,923),(924,17,924),(925,17,925),(926,17,926),(927,17,927),(928,18,928),(929,18,929),(930,18,930),(931,18,931),(932,18,932),(933,18,933),(934,18,934),(935,18,935),(936,18,936),(937,18,937),(938,18,938),(939,18,939),(940,18,940),(941,18,941),(942,18,942),(943,18,943),(944,18,944),(945,18,945),(946,18,946),(947,18,947),(948,19,948),(949,19,949),(950,19,950),(951,19,951),(952,19,952),(953,19,953),(954,19,954),(955,19,955),(956,19,956),(957,19,957),(958,19,958),(959,19,959),(960,19,960),(961,19,961),(962,19,962),(963,19,963),(964,19,964),(965,19,965),(966,19,966),(967,19,967),(968,19,968),(969,19,969),(970,19,970),(971,19,971),(972,19,972),(973,19,973),(974,19,974),(975,19,975),(976,19,976),(977,19,977),(978,19,978),(979,19,979),(980,19,980),(981,19,981),(982,19,982),(983,19,983),(984,19,984),(985,19,985),(986,19,986),(987,19,987),(988,19,988),(989,19,989),(990,19,990),(991,19,991),(992,19,992),(993,19,993),(994,19,994),(995,19,995),(996,19,996),(997,19,997),(998,19,998),(999,20,999),(1000,20,1000),(1001,20,1001),(1002,20,1002),(1003,20,1003),(1004,20,1004),(1005,20,1005),(1006,20,1006),(1007,20,1007),(1008,20,1008),(1009,20,1009),(1010,20,1010),(1011,20,1011),(1012,20,1012),(1013,20,1013),(1014,20,1014),(1015,20,1015),(1016,20,1016),(1017,20,1017),(1018,20,1018),(1019,20,1019),(1020,20,1020),(1021,20,1021),(1022,20,1022),(1023,20,1023),(1024,20,1024),(1025,20,1025),(1026,20,1026),(1027,20,1027),(1028,20,1028),(1029,20,1029),(1030,20,1030),(1031,20,1031),(1032,20,1032),(1033,20,1033),(1034,20,1034),(1035,20,1035),(1036,20,1036),(1037,20,1037),(1038,20,1038),(1039,20,1039),(1040,20,1040),(1041,20,1041),(1042,20,1042),(1043,20,1043),(1044,20,1044),(1045,20,1045),(1046,20,1046),(1047,20,1047),(1048,20,1048),(1049,20,1049),(1050,20,1050),(1051,20,1051),(1052,20,1052),(1053,20,1053),(1054,20,1054),(1055,20,1055),(1056,20,1056),(1057,20,1057),(1058,20,1058),(1059,20,1059),(1060,20,1060),(1061,20,1061),(1062,20,1062),(1063,20,1063),(1064,20,1064),(1065,20,1065),(1066,20,1066),(1067,20,1067),(1068,20,1068),(1069,20,1069),(1070,20,1070),(1071,20,1071),(1072,20,1072),(1073,20,1073),(1074,20,1074),(1075,20,1075),(1076,20,1076),(1077,20,1077),(1078,20,1078),(1079,20,1079),(1080,20,1080),(1081,20,1081),(1082,20,1082),(1083,20,1083),(1084,20,1084),(1085,20,1085),(1086,20,1086),(1087,20,1087),(1088,20,1088),(1089,20,1089),(1090,20,1090),(1091,20,1091),(1092,20,1092),(1093,20,1093),(1094,20,1094),(1095,20,1095),(1096,20,1096),(1097,20,1097),(1098,20,1098),(1099,20,1099),(1100,20,1100),(1101,20,1101),(1102,20,1102),(1103,20,1103),(1104,20,1104),(1105,20,1105),(1106,20,1106),(1107,20,1107),(1108,20,1108),(1109,20,1109),(1110,20,1110),(1111,20,1111),(1112,20,1112),(1113,20,1113),(1114,20,1114),(1115,20,1115),(1116,20,1116),(1117,20,1117),(1118,20,1118),(1119,20,1119),(1120,20,1120),(1121,20,1121),(1122,20,1122),(1123,20,1123),(1124,20,1124),(1125,20,1125),(1126,20,1126),(1127,20,1127),(1128,20,1128),(1129,20,1129),(1130,20,1130),(1131,20,1131),(1132,20,1132),(1133,20,1133),(1134,20,1134),(1135,20,1135),(1136,20,1136),(1137,20,1137),(1138,20,1138),(1139,20,1139),(1140,20,1140),(1141,20,1141),(1142,20,1142),(1143,20,1143),(1144,20,1144),(1145,20,1145),(1146,20,1146),(1147,20,1147),(1148,20,1148),(1149,20,1149),(1150,20,1150),(1151,20,1151),(1152,20,1152),(1153,20,1153),(1154,20,1154),(1155,20,1155),(1156,20,1156),(1157,20,1157),(1158,20,1158),(1159,20,1159),(1160,20,1160),(1161,20,1161),(1162,20,1162),(1163,20,1163),(1164,20,1164),(1165,20,1165),(1166,20,1166),(1167,20,1167),(1168,20,1168),(1169,20,1169),(1170,20,1170),(1171,20,1171),(1172,20,1172),(1173,20,1173),(1174,20,1174),(1175,20,1175),(1176,20,1176),(1177,20,1177),(1178,20,1178),(1179,20,1179),(1180,20,1180),(1181,20,1181),(1182,20,1182),(1183,20,1183),(1184,20,1184),(1185,20,1185),(1186,20,1186),(1187,20,1187),(1188,20,1188),(1189,20,1189),(1190,20,1190),(1191,20,1191),(1192,20,1192),(1193,20,1193),(1194,20,1194),(1195,20,1195),(1196,20,1196),(1197,20,1197),(1198,20,1198),(1199,20,1199),(1200,20,1200),(1201,20,1201),(1202,20,1202),(1203,20,1203),(1204,20,1204),(1205,20,1205),(1206,20,1206),(1207,20,1207),(1208,20,1208),(1209,20,1209),(1210,20,1210),(1211,20,1211),(1212,20,1212),(1213,20,1213),(1214,20,1214),(1215,20,1215),(1216,20,1216),(1217,20,1217),(1218,20,1218),(1219,20,1219),(1220,20,1220),(1221,20,1221),(1222,20,1222),(1223,20,1223),(1224,20,1224),(1225,20,1225),(1226,20,1226),(1227,20,1227),(1228,20,1228),(1229,20,1229),(1230,20,1230),(1231,20,1231),(1232,20,1232),(1233,20,1233),(1234,20,1234),(1235,20,1235),(1236,20,1236),(1237,20,1237),(1238,20,1238),(1239,20,1239),(1240,20,1240),(1241,20,1241),(1242,20,1242),(1243,20,1243),(1244,20,1244),(1245,20,1245),(1246,20,1246),(1247,20,1247),(1248,20,1248),(1249,20,1249),(1250,20,1250),(1251,20,1251),(1252,20,1252),(1253,20,1253),(1254,20,1254),(1255,20,1255),(1256,20,1256),(1257,20,1257),(1258,20,1258),(1259,20,1259),(1260,20,1260),(1261,20,1261),(1262,20,1262),(1263,20,1263),(1264,20,1264),(1265,20,1265),(1266,20,1266),(1267,20,1267),(1268,20,1268),(1269,20,1269),(1270,20,1270),(1271,20,1271),(1272,20,1272),(1273,20,1273),(1274,20,1274),(1275,20,1275),(1276,20,1276),(1277,20,1277),(1278,20,1278),(1279,20,1279),(1280,20,1280),(1281,20,1281),(1282,20,1282),(1283,20,1283),(1284,20,1284),(1285,20,1285),(1286,20,1286),(1287,20,1287),(1288,20,1288),(1289,20,1289),(1290,20,1290),(1291,20,1291),(1292,20,1292),(1293,20,1293),(1294,20,1294),(1295,20,1295),(1296,20,1296),(1297,20,1297),(1298,20,1298),(1299,20,1299),(1300,20,1300),(1301,20,1301),(1302,20,1302),(1303,20,1303),(1304,20,1304),(1305,20,1305),(1306,20,1306),(1307,20,1307),(1308,20,1308),(1309,20,1309),(1310,20,1310),(1311,20,1311),(1312,20,1312),(1313,20,1313),(1314,20,1314),(1315,20,1315),(1316,20,1316),(1317,20,1317),(1318,20,1318),(1319,20,1319),(1320,20,1320),(1321,20,1321),(1322,20,1322),(1323,20,1323),(1324,20,1324),(1325,20,1325),(1326,20,1326),(1327,20,1327),(1328,20,1328),(1329,20,1329),(1330,20,1330),(1331,20,1331),(1332,20,1332),(1333,20,1333),(1334,20,1334),(1335,20,1335),(1336,20,1336),(1337,20,1337),(1338,20,1338),(1339,20,1339),(1340,20,1340),(1341,20,1341),(1342,20,1342),(1343,20,1343),(1344,20,1344),(1345,20,1345),(1346,20,1346),(1347,20,1347),(1348,20,1348),(1349,20,1349),(1350,20,1350),(1351,20,1351),(1352,20,1352),(1353,20,1353),(1354,20,1354),(1355,20,1355),(1356,20,1356),(1357,20,1357),(1358,20,1358),(1359,20,1359),(1360,20,1360),(1361,20,1361),(1362,20,1362),(1363,20,1363),(1364,20,1364),(1365,20,1365),(1366,20,1366),(1367,20,1367),(1368,20,1368),(1369,20,1369),(1370,20,1370),(1371,20,1371),(1372,20,1372),(1373,20,1373),(1374,20,1374),(1375,20,1375),(1376,20,1376),(1377,20,1377),(1378,20,1378),(1379,20,1379),(1380,20,1380),(1381,20,1381),(1382,20,1382),(1383,20,1383),(1384,20,1384),(1385,20,1385),(1386,20,1386),(1387,20,1387),(1388,20,1388),(1389,20,1389),(1390,20,1390),(1391,20,1391),(1392,20,1392),(1393,20,1393),(1394,20,1394),(1395,20,1395),(1396,20,1396),(1397,20,1397),(1398,20,1398),(1399,20,1399),(1400,20,1400),(1401,20,1401),(1402,20,1402),(1403,20,1403),(1404,20,1404),(1405,20,1405),(1406,20,1406),(1407,20,1407),(1408,20,1408),(1409,20,1409),(1410,20,1410),(1411,20,1411),(1412,20,1412),(1413,20,1413),(1414,20,1414),(1415,20,1415),(1416,20,1416),(1417,20,1417),(1418,20,1418),(1419,20,1419),(1420,20,1420),(1421,20,1421),(1422,20,1422),(1423,20,1423),(1424,20,1424),(1425,20,1425),(1426,20,1426),(1427,20,1427),(1428,20,1428),(1429,20,1429),(1430,20,1430),(1431,20,1431),(1432,20,1432),(1433,20,1433),(1434,20,1434),(1435,20,1435),(1436,20,1436),(1437,20,1437),(1438,20,1438),(1439,20,1439),(1440,20,1440),(1441,20,1441),(1442,20,1442),(1443,20,1443),(1444,20,1444),(1445,20,1445),(1446,20,1446),(1447,20,1447),(1448,20,1448),(1449,20,1449),(1450,20,1450),(1451,20,1451),(1452,20,1452),(1453,20,1453),(1454,20,1454),(1455,20,1455),(1456,20,1456),(1457,20,1457),(1458,20,1458),(1459,20,1459),(1460,20,1460),(1461,20,1461),(1462,20,1462),(1463,20,1463),(1464,20,1464),(1465,20,1465),(1466,20,1466),(1467,20,1467),(1468,20,1468),(1469,20,1469),(1470,20,1470),(1471,20,1471),(1472,20,1472),(1473,20,1473),(1474,20,1474),(1475,20,1475),(1476,20,1476),(1477,20,1477),(1478,20,1478),(1479,20,1479),(1480,20,1480),(1481,20,1481),(1482,20,1482),(1483,20,1483),(1484,20,1484),(1485,20,1485),(1486,20,1486),(1487,20,1487),(1488,20,1488),(1489,20,1489),(1490,20,1490),(1491,20,1491),(1492,20,1492),(1493,20,1493),(1494,20,1494),(1495,20,1495),(1496,20,1496),(1497,20,1497),(1498,20,1498),(1499,20,1499),(1500,20,1500),(1501,20,1501),(1502,20,1502),(1503,20,1503),(1504,20,1504),(1505,20,1505),(1506,20,1506),(1507,20,1507),(1508,20,1508),(1509,20,1509),(1510,20,1510),(1511,20,1511),(1512,20,1512),(1513,20,1513),(1514,20,1514),(1515,20,1515),(1516,20,1516),(1517,20,1517),(1518,20,1518),(1519,20,1519),(1520,20,1520),(1521,20,1521),(1522,20,1522),(1523,20,1523),(1524,20,1524),(1525,20,1525),(1526,20,1526),(1527,20,1527),(1528,20,1528),(1529,20,1529),(1530,20,1530),(1531,20,1531),(1532,20,1532),(1533,20,1533),(1534,20,1534),(1535,20,1535),(1536,20,1536),(1537,20,1537),(1538,20,1538),(1539,20,1539),(1540,20,1540),(1541,20,1541),(1542,20,1542),(1543,20,1543),(1544,20,1544),(1545,20,1545),(1546,20,1546),(1547,20,1547),(1548,20,1548),(1549,20,1549),(1550,20,1550),(1551,20,1551),(1552,20,1552),(1553,20,1553),(1554,20,1554),(1555,20,1555),(1556,20,1556),(1557,20,1557),(1558,20,1558),(1559,20,1559),(1560,20,1560),(1561,20,1561),(1562,20,1562),(1563,20,1563),(1564,20,1564),(1565,20,1565),(1566,20,1566),(1567,20,1567),(1568,20,1568),(1569,21,1569),(1570,21,1570),(1571,21,1571),(1572,21,1572),(1573,21,1573),(1574,21,1574),(1575,21,1575),(1576,21,1576),(1577,21,1577),(1578,21,1578),(1579,21,1579),(1580,21,1580),(1581,21,1581),(1582,21,1582),(1583,21,1583),(1584,21,1584),(1585,21,1585),(1586,21,1586),(1587,21,1587),(1588,21,1588),(1589,21,1589),(1590,21,1590),(1591,21,1591),(1592,21,1592),(1593,21,1593),(1594,21,1594),(1595,21,1595),(1596,21,1596),(1597,21,1597),(1598,21,1598),(1599,21,1599),(1600,21,1600),(1601,21,1601),(1602,21,1602),(1603,21,1603),(1604,21,1604),(1605,21,1605),(1606,21,1606),(1607,21,1607),(1608,21,1608),(1609,21,1609),(1610,21,1610),(1611,21,1611),(1612,21,1612),(1613,21,1613),(1614,21,1614),(1615,21,1615),(1616,21,1616),(1617,21,1617),(1618,21,1618),(1619,21,1619),(1620,21,1620),(1621,21,1621),(1622,21,1622),(1623,21,1623),(1624,21,1624),(1625,21,1625),(1626,21,1626),(1627,21,1627),(1628,21,1628),(1629,21,1629),(1630,21,1630),(1631,21,1631),(1632,21,1632),(1633,21,1633),(1634,21,1634),(1635,21,1635),(1636,21,1636),(1637,21,1637),(1638,21,1638),(1639,21,1639),(1640,21,1640),(1641,21,1641),(1642,21,1642),(1643,21,1643),(1644,21,1644),(1645,21,1645),(1646,21,1646),(1647,21,1647),(1648,21,1648),(1649,21,1649),(1650,21,1650),(1651,21,1651),(1652,21,1652),(1653,21,1653),(1654,21,1654),(1655,21,1655),(1656,21,1656),(1657,21,1657),(1658,21,1658),(1659,21,1659),(1660,21,1660),(1661,21,1661),(1662,21,1662),(1663,21,1663),(1664,21,1664),(1665,21,1665),(1666,21,1666),(1667,21,1667),(1668,21,1668),(1669,21,1669),(1670,21,1670),(1671,21,1671),(1672,21,1672),(1673,21,1673),(1674,21,1674),(1675,21,1675),(1676,21,1676),(1677,21,1677),(1678,21,1678),(1679,21,1679),(1680,21,1680),(1681,21,1681),(1682,21,1682),(1683,21,1683),(1684,21,1684),(1685,21,1685),(1686,21,1686),(1687,21,1687),(1688,21,1688),(1689,21,1689),(1690,21,1690),(1691,21,1691),(1692,21,1692),(1693,21,1693),(1694,21,1694),(1695,21,1695),(1696,21,1696),(1697,21,1697),(1698,21,1698),(1699,21,1699),(1700,21,1700),(1701,21,1701),(1702,21,1702),(1703,21,1703),(1704,21,1704),(1705,21,1705),(1706,21,1706),(1707,21,1707),(1708,21,1708),(1709,21,1709),(1710,21,1710),(1711,21,1711),(1712,21,1712),(1713,21,1713),(1714,21,1714),(1715,21,1715),(1716,21,1716),(1717,21,1717),(1718,21,1718),(1719,21,1719),(1720,21,1720),(1721,21,1721),(1722,21,1722),(1723,21,1723),(1724,21,1724),(1725,21,1725),(1726,21,1726),(1727,21,1727),(1728,21,1728),(1729,21,1729),(1730,21,1730),(1731,21,1731),(1732,21,1732),(1733,21,1733),(1734,21,1734),(1735,21,1735),(1736,21,1736),(1737,21,1737),(1738,21,1738),(1739,21,1739),(1740,21,1740),(1741,21,1741),(1742,21,1742),(1743,21,1743),(1744,21,1744),(1745,21,1745),(1746,21,1746),(1747,21,1747),(1748,21,1748),(1749,21,1749),(1750,21,1750),(1751,21,1751),(1752,21,1752),(1753,21,1753),(1754,21,1754),(1755,21,1755),(1756,21,1756),(1757,21,1757),(1758,21,1758),(1759,21,1759),(1760,21,1760),(1761,21,1761),(1762,21,1762),(1763,21,1763),(1764,21,1764),(1765,21,1765),(1766,21,1766),(1767,21,1767),(1768,21,1768),(1769,21,1769),(1770,21,1770),(1771,21,1771),(1772,21,1772),(1773,21,1773),(1774,21,1774),(1775,21,1775),(1776,21,1776),(1777,21,1777),(1778,21,1778),(1779,21,1779),(1780,21,1780),(1781,21,1781),(1782,21,1782),(1783,21,1783),(1784,21,1784),(1785,21,1785),(1786,22,1786),(1787,22,1787),(1788,22,1788),(1789,22,1789),(1790,22,1790),(1791,22,1791),(1792,22,1792),(1793,22,1793),(1794,22,1794),(1795,22,1795),(1796,22,1796),(1797,22,1797),(1798,22,1798),(1799,22,1799),(1800,22,1800),(1801,22,1801),(1802,22,1802),(1803,22,1803),(1804,23,1804),(1805,23,1805),(1806,23,1806),(1807,23,1807),(1808,23,1808),(1809,23,1809),(1810,23,1810),(1811,23,1811),(1812,23,1812),(1813,23,1813),(1814,24,1814),(1815,24,1815),(1816,24,1816),(1817,24,1817),(1818,24,1818),(1819,24,1819),(1820,24,1820),(1821,24,1821),(1822,24,1822),(1823,24,1823),(1824,24,1824),(1825,24,1825),(1826,24,1826),(1827,24,1827),(1828,24,1828),(1829,24,1829),(1830,24,1830),(1831,24,1831),(1832,24,1832),(1833,24,1833),(1834,24,1834),(1835,24,1835),(1836,24,1836),(1837,24,1837),(1838,24,1838),(1839,24,1839),(1840,24,1840),(1841,24,1841),(1842,24,1842),(1843,24,1843),(1844,24,1844),(1845,24,1845),(1846,24,1846),(1847,24,1847),(1848,24,1848),(1849,24,1849),(1850,24,1850),(1851,24,1851),(1852,24,1852),(1853,24,1853),(1854,24,1854),(1855,24,1855),(1856,24,1856),(1857,24,1857),(1858,24,1858),(1859,24,1859),(1860,24,1860),(1861,24,1861),(1862,24,1862),(1863,24,1863),(1864,24,1864),(1865,24,1865),(1866,24,1866),(1867,24,1867),(1868,24,1868),(1869,24,1869),(1870,24,1870),(1871,24,1871),(1872,25,1872),(1873,25,1873),(1874,25,1874),(1875,25,1875),(1876,25,1876),(1877,25,1877),(1878,25,1878),(1879,25,1879),(1880,25,1880),(1881,25,1881),(1882,25,1882),(1883,25,1883),(1884,25,1884),(1885,25,1885),(1886,25,1886),(1887,25,1887),(1888,25,1888),(1889,25,1889),(1890,26,1890),(1891,26,1891),(1892,26,1892),(1893,26,1893),(1894,26,1894),(1895,26,1895),(1896,26,1896),(1897,26,1897),(1898,26,1898),(1899,26,1899),(1900,26,1900),(1901,26,1901),(1902,26,1902),(1903,26,1903),(1904,26,1904),(1905,26,1905),(1906,26,1906),(1907,26,1907),(1908,26,1908),(1909,26,1909),(1910,26,1910),(1911,26,1911),(1912,26,1912),(1913,26,1913),(1914,26,1914),(1915,26,1915),(1916,26,1916),(1917,26,1917),(1918,26,1918),(1919,26,1919),(1920,26,1920),(1921,26,1921),(1922,26,1922),(1923,26,1923),(1924,26,1924),(1925,26,1925),(1926,26,1926),(1927,26,1927),(1928,26,1928),(1929,26,1929),(1930,26,1930),(1931,26,1931),(1932,26,1932),(1933,26,1933),(1934,26,1934),(1935,26,1935),(1936,26,1936),(1937,26,1937),(1938,26,1938),(1939,26,1939),(1940,26,1940),(1941,26,1941),(1942,26,1942),(1943,26,1943),(1944,26,1944),(1945,26,1945),(1946,26,1946),(1947,26,1947),(1948,26,1948),(1949,26,1949),(1950,26,1950),(1951,26,1951),(1952,26,1952),(1953,26,1953),(1954,26,1954),(1955,26,1955),(1956,26,1956),(1957,26,1957),(1958,26,1958),(1959,26,1959),(1960,26,1960),(1961,26,1961),(1962,27,1962),(1963,27,1963),(1964,27,1964),(1965,27,1965),(1966,27,1966),(1967,27,1967),(1968,27,1968),(1969,27,1969),(1970,27,1970),(1971,27,1971),(1972,27,1972),(1973,27,1973),(1974,27,1974),(1975,27,1975),(1976,27,1976),(1977,27,1977),(1978,27,1978),(1979,28,1979),(1980,28,1980),(1981,28,1981),(1982,28,1982),(1983,28,1983),(1984,28,1984),(1985,28,1985),(1986,28,1986),(1987,28,1987),(1988,28,1988),(1989,28,1989),(1990,28,1990),(1991,28,1991),(1992,28,1992),(1993,28,1993),(1994,28,1994),(1995,28,1995),(1996,28,1996),(1997,28,1997),(1998,28,1998),(1999,28,1999),(2000,28,2000),(2001,28,2001),(2002,28,2002),(2003,28,2003),(2004,28,2004),(2005,28,2005),(2006,28,2006),(2007,28,2007),(2008,28,2008),(2009,28,2009),(2010,28,2010),(2011,28,2011),(2012,28,2012),(2013,28,2013),(2014,28,2014),(2015,28,2015),(2016,28,2016),(2017,28,2017),(2018,28,2018),(2019,28,2019),(2020,28,2020),(2021,28,2021),(2022,29,2022),(2023,29,2023),(2024,29,2024),(2025,29,2025),(2026,29,2026),(2027,29,2027),(2028,29,2028),(2029,29,2029),(2030,29,2030),(2031,29,2031),(2032,29,2032),(2033,29,2033),(2034,29,2034),(2035,29,2035),(2036,29,2036),(2037,29,2037),(2038,29,2038),(2039,29,2039),(2040,29,2040),(2041,29,2041),(2042,29,2042),(2043,29,2043),(2044,29,2044),(2045,29,2045),(2046,29,2046),(2047,29,2047),(2048,29,2048),(2049,29,2049),(2050,29,2050),(2051,29,2051),(2052,29,2052),(2053,29,2053),(2054,29,2054),(2055,29,2055),(2056,29,2056),(2057,29,2057),(2058,29,2058),(2059,29,2059),(2060,29,2060),(2061,29,2061),(2062,29,2062),(2063,29,2063),(2064,29,2064),(2065,29,2065),(2066,29,2066),(2067,29,2067),(2068,29,2068),(2069,29,2069),(2070,29,2070),(2071,29,2071),(2072,29,2072),(2073,29,2073),(2074,29,2074),(2075,29,2075),(2076,29,2076),(2077,29,2077),(2078,29,2078),(2079,29,2079),(2080,29,2080),(2081,29,2081),(2082,30,2082),(2083,30,2083),(2084,30,2084),(2085,30,2085),(2086,30,2086),(2087,30,2087),(2088,30,2088),(2089,30,2089),(2090,30,2090),(2091,30,2091),(2092,30,2092),(2093,30,2093),(2094,30,2094),(2095,30,2095),(2096,30,2096),(2097,30,2097),(2098,30,2098),(2099,30,2099),(2100,30,2100),(2101,30,2101),(2102,30,2102),(2103,30,2103),(2104,30,2104),(2105,30,2105),(2106,30,2106),(2107,30,2107),(2108,30,2108),(2109,30,2109),(2110,30,2110),(2111,30,2111),(2112,30,2112),(2113,30,2113),(2114,30,2114),(2115,30,2115),(2116,30,2116),(2117,30,2117),(2118,30,2118),(2119,30,2119),(2120,30,2120),(2121,30,2121),(2122,30,2122),(2123,30,2123),(2124,30,2124),(2125,30,2125),(2126,30,2126),(2127,30,2127),(2128,30,2128),(2129,30,2129),(2130,30,2130),(2131,30,2131),(2132,30,2132),(2133,30,2133),(2134,30,2134),(2135,30,2135),(2136,30,2136),(2137,30,2137),(2138,30,2138),(2139,30,2139),(2140,30,2140),(2141,30,2141),(2142,30,2142),(2143,30,2143),(2144,30,2144),(2145,30,2145),(2146,30,2146),(2147,30,2147),(2148,30,2148),(2149,30,2149),(2150,30,2150),(2151,30,2151),(2152,30,2152),(2153,30,2153),(2154,30,2154),(2155,30,2155),(2156,30,2156),(2157,30,2157),(2158,30,2158),(2159,30,2159),(2160,30,2160),(2161,30,2161),(2162,30,2162),(2163,30,2163),(2164,30,2164),(2165,30,2165),(2166,30,2166),(2167,30,2167),(2168,30,2168),(2169,30,2169),(2170,30,2170),(2171,30,2171),(2172,30,2172),(2173,30,2173),(2174,30,2174),(2175,30,2175),(2176,30,2176),(2177,30,2177),(2178,30,2178),(2179,30,2179),(2180,30,2180),(2181,30,2181),(2182,30,2182),(2183,30,2183),(2184,30,2184),(2185,30,2185),(2186,30,2186),(2187,30,2187),(2188,30,2188),(2189,30,2189),(2190,30,2190),(2191,30,2191),(2192,30,2192),(2193,30,2193),(2194,30,2194),(2195,30,2195),(2196,30,2196),(2197,30,2197),(2198,30,2198),(2199,30,2199),(2200,30,2200),(2201,30,2201),(2202,30,2202),(2203,30,2203),(2204,30,2204),(2205,30,2205),(2206,30,2206),(2207,30,2207),(2208,30,2208),(2209,30,2209),(2210,30,2210),(2211,30,2211),(2212,30,2212),(2213,30,2213),(2214,30,2214),(2215,30,2215),(2216,30,2216),(2217,30,2217),(2218,30,2218),(2219,30,2219),(2220,30,2220),(2221,30,2221),(2222,30,2222),(2223,30,2223),(2224,30,2224),(2225,30,2225),(2226,30,2226),(2227,30,2227),(2228,30,2228),(2229,30,2229),(2230,30,2230),(2231,30,2231),(2232,30,2232),(2233,30,2233),(2234,30,2234),(2235,30,2235),(2236,30,2236),(2237,30,2237),(2238,30,2238),(2239,30,2239),(2240,30,2240),(2241,30,2241),(2242,30,2242),(2243,30,2243),(2244,30,2244),(2245,30,2245),(2246,30,2246),(2247,30,2247),(2248,30,2248),(2249,30,2249),(2250,30,2250),(2251,30,2251),(2252,30,2252),(2253,30,2253),(2254,30,2254),(2255,30,2255),(2256,30,2256),(2257,30,2257),(2258,30,2258),(2259,30,2259),(2260,30,2260),(2261,30,2261),(2262,30,2262),(2263,30,2263),(2264,30,2264),(2265,30,2265),(2266,30,2266),(2267,30,2267),(2268,30,2268),(2269,30,2269),(2270,30,2270),(2271,30,2271),(2272,30,2272),(2273,30,2273),(2274,30,2274),(2275,30,2275),(2276,30,2276),(2277,30,2277),(2278,30,2278),(2279,30,2279),(2280,30,2280),(2281,30,2281),(2282,30,2282),(2283,30,2283),(2284,30,2284),(2285,30,2285),(2286,30,2286),(2287,30,2287),(2288,30,2288),(2289,30,2289),(2290,30,2290),(2291,30,2291),(2292,30,2292),(2293,30,2293),(2294,31,2294),(2295,31,2295),(2296,31,2296),(2297,31,2297),(2298,31,2298),(2299,31,2299),(2300,31,2300),(2301,31,2301),(2302,31,2302),(2303,31,2303),(2304,31,2304),(2305,31,2305),(2306,31,2306),(2307,31,2307),(2308,31,2308),(2309,31,2309),(2310,31,2310),(2311,31,2311),(2312,31,2312),(2313,31,2313),(2314,31,2314),(2315,31,2315),(2316,31,2316),(2317,31,2317),(2318,31,2318),(2319,31,2319),(2320,31,2320),(2321,31,2321),(2322,31,2322),(2323,31,2323),(2324,31,2324),(2325,31,2325),(2326,31,2326),(2327,31,2327),(2328,31,2328),(2329,31,2329),(2330,31,2330),(2331,31,2331),(2332,31,2332),(2333,31,2333),(2334,31,2334),(2335,31,2335),(2336,31,2336),(2337,31,2337),(2338,31,2338),(2339,31,2339),(2340,31,2340),(2341,31,2341),(2342,31,2342),(2343,31,2343),(2344,31,2344),(2345,31,2345),(2346,31,2346),(2347,31,2347),(2348,31,2348),(2349,31,2349),(2350,31,2350),(2351,31,2351),(2352,31,2352),(2353,31,2353),(2354,31,2354),(2355,31,2355),(2356,31,2356),(2357,31,2357),(2358,31,2358),(2359,31,2359),(2360,31,2360),(2361,31,2361),(2362,31,2362),(2363,31,2363),(2364,31,2364),(2365,31,2365),(2366,31,2366),(2367,31,2367),(2368,31,2368),(2369,31,2369),(2370,31,2370),(2371,31,2371),(2372,31,2372),(2373,31,2373),(2374,31,2374),(2375,31,2375),(2376,31,2376),(2377,31,2377),(2378,31,2378),(2379,31,2379),(2380,31,2380),(2381,31,2381),(2382,31,2382),(2383,31,2383),(2384,31,2384),(2385,31,2385),(2386,31,2386),(2387,31,2387),(2388,31,2388),(2389,31,2389),(2390,31,2390),(2391,31,2391),(2392,31,2392),(2393,31,2393),(2394,31,2394),(2395,31,2395),(2396,31,2396),(2397,31,2397),(2398,31,2398),(2399,31,2399),(2400,32,2400),(2401,32,2401),(2402,32,2402),(2403,32,2403),(2404,32,2404),(2405,32,2405),(2406,32,2406),(2407,32,2407),(2408,32,2408),(2409,32,2409),(2410,32,2410),(2411,32,2411),(2412,32,2412),(2413,32,2413),(2414,32,2414),(2415,32,2415),(2416,32,2416),(2417,32,2417),(2418,32,2418),(2419,32,2419),(2420,32,2420),(2421,32,2421),(2422,32,2422),(2423,32,2423),(2424,32,2424),(2425,32,2425),(2426,32,2426),(2427,32,2427),(2428,32,2428),(2429,32,2429),(2430,32,2430),(2431,32,2431),(2432,32,2432),(2433,32,2433),(2434,32,2434),(2435,32,2435),(2436,32,2436),(2437,32,2437),(2438,32,2438),(2439,32,2439),(2440,32,2440),(2441,32,2441),(2442,32,2442),(2443,32,2443),(2444,32,2444),(2445,32,2445),(2446,32,2446),(2447,32,2447),(2448,32,2448),(2449,32,2449),(2450,32,2450),(2451,32,2451),(2452,32,2452),(2453,32,2453),(2454,32,2454),(2455,32,2455),(2456,32,2456),(2457,32,2457);
/*!40000 ALTER TABLE `estados_municipios` ENABLE KEYS */;
UNLOCK TABLES;

--
-- Table structure for table `localidad`
--

DROP TABLE IF EXISTS `localidad`;
/*!40101 SET @saved_cs_client     = @@character_set_client */;
 SET character_set_client = utf8mb4 ;
CREATE TABLE `localidad` (
  `id` int(11) NOT NULL AUTO_INCREMENT,
  `localidad` varchar(450) NOT NULL,
  `zona` varchar(45) NOT NULL,
  PRIMARY KEY (`id`)
) ENGINE=InnoDB AUTO_INCREMENT=185 DEFAULT CHARSET=utf8mb4 COLLATE=utf8mb4_0900_ai_ci;
/*!40101 SET character_set_client = @saved_cs_client */;

--
-- Dumping data for table `localidad`
--

LOCK TABLES `localidad` WRITE;
/*!40000 ALTER TABLE `localidad` DISABLE KEYS */;
INSERT INTO `localidad` VALUES (1,'ACATZINGO','RURAL'),(2,'ALMAZANTLA','RURAL'),(3,'AMELIA [GRANJA]','RURAL'),(4,'ATLIXCO','URBANO'),(5,'AXOCOPAN','RURAL'),(6,'CABRERA','RURAL'),(7,'CERRO DE CABRERA','RURAL'),(8,'CHAPOTEADERO LA PLANTA','RURAL'),(9,'CHILHUACAN','RURAL'),(10,'COLONIA AGRICOLA DE OCOTEPEC (COLONIA SAN JOSE)','RURAL'),(11,'COPALILLO (POZO NUMERO 2)','RURAL'),(12,'COTZALA','RURAL'),(13,'CUATEPETZI','RURAL'),(14,'DIEZ DE ABRIL','RURAL'),(15,'EJIDO TRAPERA AXOCOPAN','RURAL'),(16,'EL CARMEN','RURAL'),(17,'EL CERRITO','RURAL'),(18,'EL ENCANTO DEL CERRIL','RURAL'),(19,'EL ESPINAL','RURAL'),(20,'EL LEON','RURAL'),(21,'EL LLANO','RURAL'),(22,'EL NOVILLERO (LA GRANJA)','RURAL'),(23,'EL NOVILLO','RURAL'),(24,'EL PAJAR','RURAL'),(25,'EL PALMAR','RURAL'),(26,'EL PEDREGAL','RURAL'),(27,'EL PEÑON','RURAL'),(28,'EL PUENTE','RURAL'),(29,'EL TECABALLO','RURAL'),(30,'EMILIANO ZAPATA LOS MOLINOS','RURAL'),(31,'EMILIANO ZAPATA NEXATENGO','RURAL'),(32,'ESTACION LOS MOLINOS','RURAL'),(33,'EX HACIENDA SAN AGUSTIN','RURAL'),(34,'EX-HACIENDA SAN AGUSTIN','RURAL'),(35,'EX-HACIENDA SAN FELIX','RURAL'),(36,'EX-HACIENDA TIZAYUCA','RURAL'),(37,'FRANCISCO VILLA','RURAL'),(38,'GUADALUPE','RURAL'),(39,'GUADALUPE HUEXOCUAPAN','RURAL'),(40,'GUADALUPE SAN JOSE','RURAL'),(41,'HUERTO EL CHANDELLE','RURAL'),(42,'HUEXOCATL','RURAL'),(43,'INGENIERO CUAUHTEMOC CARDENAS SEGUNDA SECCION','RURAL'),(44,'IPODERAC (VILLA NOLASCO)','RURAL'),(45,'IXTEPEC','RURAL'),(46,'JUAN UVERA','RURAL'),(47,'LA BOHEMIA I','RURAL'),(48,'LA BOHEMIA II (LA CARMELITA)','RURAL'),(49,'LA CANTERA DE SAN PABLO AHUATEMPAN','RURAL'),(50,'LA CIENEGA','RURAL'),(51,'LA FE','RURAL'),(52,'LA IXTLA','RURAL'),(53,'LA JOYA','RURAL'),(54,'LA JOYA [AGROPECUARIA TENEXTEPEC]','RURAL'),(55,'LA LADERA','RURAL'),(56,'LA LOMA','RURAL'),(57,'LA LOMA','RURAL'),(58,'LA MAGDALENA','RURAL'),(59,'LA NOPALERA','RURAL'),(60,'LA SABANA (SAN JUAN LA SABANA)','RURAL'),(61,'LA SOLEDAD','RURAL'),(62,'LA TEHUIXTLERA (LA IZOTERA)','RURAL'),(63,'LA TRAPERA','RURAL'),(64,'LA TRINIDAD','RURAL'),(65,'LA TRINIDAD TEPANGO','RURAL'),(66,'LA VEGA (COYOTOMATITLA)','RURAL'),(67,'LA VILLA TERCERA SECCION','RURAL'),(68,'LADERAS','RURAL'),(69,'LAGUNILLAS','RURAL'),(70,'LAS CALANDRIAS','RURAL'),(71,'LAS CANOAS','RURAL'),(72,'LAS HUERTAS DE JESUS CUARTA SECCION','RURAL'),(73,'LAS HUERTAS DE JESUS PRIMERA SECCION','RURAL'),(74,'LAS HUERTAS DE JESUS SEGUNDA SECCION','RURAL'),(75,'LAS HUERTAS DE JESUS TERCERA SECCION','RURAL'),(76,'LAS JACARANDAS','RURAL'),(77,'LIBRAMIENTO NORTE','RURAL'),(78,'LIBRAMIENTO SUR','RURAL'),(79,'LINAZAS','RURAL'),(80,'LLANO GRANDE','RURAL'),(81,'LLANO METEPEC','RURAL'),(82,'LOMA LARGA (POTRERO DELGADO)','RURAL'),(83,'LOMAS DE AXOCOPAN','RURAL'),(84,'LOMAS DE SAN JUAN TEJALUCA','RURAL'),(85,'LOS MOLINOS','RURAL'),(86,'LOS PERICOS','RURAL'),(87,'LOS TEXCALES','RURAL'),(88,'MARTIR DE CHINAMECA','RURAL'),(89,'MEDIA LUNA','RURAL'),(90,'MISION DEL ANCIANO','RURAL'),(91,'MORELOS','RURAL'),(92,'MOYOTZINGO','RURAL'),(93,'NINGUNO [RELLENO SANITARIO]','RURAL'),(94,'OTILIO MONTAÑO (LA CONCEPCION)','RURAL'),(95,'POTRERO REDONDO','RURAL'),(96,'PUENTE COLORADO','RURAL'),(97,'RANCHO ANGELICA','RURAL'),(98,'RANCHO DE TELEFONOS','RURAL'),(99,'RESIDENCIAL SAN MIGUEL','RURAL'),(100,'RICARDO FLORES MAGON','RURAL'),(101,'SAN AGUSTIN HUIXAXTLA','RURAL'),(102,'SAN AGUSTIN IXTAHUIXTLA','RURAL'),(103,'SAN AGUSTIN LOS MOLINOS','RURAL'),(104,'SAN ALFONSO','RURAL'),(105,'SAN DIEGO ACAPULCO','RURAL'),(106,'SAN DIEGO LA BLANCA','RURAL'),(107,'SAN ESTEBAN ZOAPILTEPEC','RURAL'),(108,'SAN FELIPE XONACAYUCAN','RURAL'),(109,'SAN FELIX ALMAZAN','RURAL'),(110,'SAN FELIX HIDALGO','RURAL'),(111,'SAN FRANCISCO PRIMO DE VERDAD','RURAL'),(112,'SAN GABRIEL','RURAL'),(113,'SAN IGNACIO (EL CARMEN)','RURAL'),(114,'SAN ISIDRO','RURAL'),(115,'SAN ISIDRO AXOCOPAN','RURAL'),(116,'SAN ISIDRO HUILOTEPEC','RURAL'),(117,'SAN JERONIMO CALERAS','RURAL'),(118,'SAN JERONIMO COYULA','URBANO'),(119,'SAN JERONIMO COYULA','RURAL'),(120,'SAN JOSE ACATOCHA','RURAL'),(121,'SAN JOSE EL RECREO','RURAL'),(122,'SAN JUAN DE LOS LAURELES','RURAL'),(123,'SAN JUAN OCOTEPEC','RURAL'),(124,'SAN JUAN PORTEZUELO','RURAL'),(125,'SAN JUAN TEJALUCA','RURAL'),(126,'SAN LORENZO LOS JAGÜEYES','RURAL'),(127,'SAN LORENZO MENAGTLA','RURAL'),(128,'SAN PABLO AHUATEMPAN','RURAL'),(129,'SAN PEDRO','RURAL'),(130,'SAN PEDRO BENITO JUAREZ','URBANO'),(131,'SANTA AMADA','RURAL'),(132,'SANTA ANA YANCUITLALPAN (CHILHUACAN)','RURAL'),(133,'SANTA CATALINA (LOS TELLEZ)','RURAL'),(134,'SANTA CRUZ','RURAL'),(135,'SANTA CRUZ TEHUIXPANGO','RURAL'),(136,'SANTA CRUZ TEHUIXPANGO','RURAL'),(137,'SANTA CRUZ TEHUIXPANGO','URBANO'),(138,'SANTA CRUZ TEHUIXPANGO (AMEYAL ATLACOTO)','RURAL'),(139,'SANTA ELENA','RURAL'),(140,'SANTA ELENA AXOCOPAN','RURAL'),(141,'SANTA FEBRONIA','RURAL'),(142,'SANTA LUCIA COSAMALOAPAN','RURAL'),(143,'SANTO DOMINGO ATOYATEMPAN','RURAL'),(144,'SOLARES DE TENEXTEPEC','RURAL'),(145,'TAURUS','RURAL'),(146,'TECHICHILA (EL JAGÜEY)','RURAL'),(147,'TECOXCO','RURAL'),(148,'TENERIA','RURAL'),(149,'TEXIQUEMETL (LOS OLIVARES)','RURAL'),(150,'TIZAYUCA SEGUNDA SECCION','RURAL'),(151,'TIZAYUCA TERCERA SECCION','RURAL'),(152,'TLALAPEIXCO','RURAL'),(153,'TOLEDO','RURAL'),(154,'TOLOMETLA DE BENITO JUAREZ','RURAL'),(155,'VERACRUZ','RURAL'),(156,'VILLA JARDIN (RANCHO LOS PINOS)','RURAL'),(157,'VILLAS DEL SUR','RURAL'),(158,'VILLAS EL LEON','RURAL'),(159,'XAHUENTLA','RURAL'),(160,'XALTEPEC','RURAL'),(161,'XOCHIMITLALPA','RURAL'),(162,'ZAPOTITLAN','RURAL'),(163,'ZAPOTITLAN (LOS LAURELES)','RURAL'),(164,'ZAZALA','RURAL'),(174,'CHAMAXCULIT','RURAL'),(175,'PATIY','RURAL'),(176,'TAKALTZÁPS','RURAL'),(177,'ZECNACHUCHUT','RURAL'),(178,'IXTEPEC','RURAL'),(179,'IXTEPEC','URBANO'),(180,'CAJINANÍN (SAN RAFAEL)','RURAL'),(181,'SAN MARTÍN','RURAL'),(182,'ESCATACHUCHUT','RURAL'),(183,'CAXTAMUSÍN','RURAL'),(184,'MARÍA CHUCHUT','RURAL');
/*!40000 ALTER TABLE `localidad` ENABLE KEYS */;
UNLOCK TABLES;

--
-- Table structure for table `municipios`
--

DROP TABLE IF EXISTS `municipios`;
/*!40101 SET @saved_cs_client     = @@character_set_client */;
 SET character_set_client = utf8mb4 ;
CREATE TABLE `municipios` (
  `id` int(11) NOT NULL AUTO_INCREMENT,
  `municipio` varchar(100) NOT NULL,
  PRIMARY KEY (`id`)
) ENGINE=InnoDB AUTO_INCREMENT=2458 DEFAULT CHARSET=latin1;
/*!40101 SET character_set_client = @saved_cs_client */;

--
-- Dumping data for table `municipios`
--

LOCK TABLES `municipios` WRITE;
/*!40000 ALTER TABLE `municipios` DISABLE KEYS */;
INSERT INTO `municipios` VALUES (1,'AGUASCALIENTES'),(2,'SAN FRANCISCO DE LOS ROMO'),(3,'EL LLANO'),(4,'RINCON DE ROMOS'),(5,'COSIO'),(6,'SAN JOSE DE GRACIA'),(7,'TEPEZALA'),(8,'PABELLON DE ARTEAGA'),(9,'ASIENTOS'),(10,'CALVILLO'),(11,'JESUS MARIA'),(12,'MEXICALI'),(13,'TECATE'),(14,'TIJUANA'),(15,'PLAYAS DE ROSARITO'),(16,'ENSENADA'),(17,'LA PAZ'),(18,'LOS CABOS'),(19,'COMONDU'),(20,'LORETO'),(21,'MULEGE'),(22,'CAMPECHE'),(23,'CARMEN'),(24,'PALIZADA'),(25,'CANDELARIA'),(26,'ESCARCEGA'),(27,'CHAMPOTON'),(28,'HOPELCHEN'),(29,'CALAKMUL'),(30,'TENABO'),(31,'HECELCHAKAN'),(32,'CALKINI'),(33,'SALTILLO'),(34,'ARTEAGA'),(35,'JUAREZ'),(36,'PROGRESO'),(37,'ESCOBEDO'),(38,'SAN BUENAVENTURA'),(39,'ABASOLO'),(40,'CANDELA'),(41,'FRONTERA'),(42,'MONCLOVA'),(43,'CASTAÑOS'),(44,'RAMOS ARIZPE'),(45,'GENERAL CEPEDA'),(46,'PIEDRAS NEGRAS'),(47,'NAVA'),(48,'ACUÑA'),(49,'MUZQUIZ'),(50,'JIMENEZ'),(51,'ZARAGOZA'),(52,'MORELOS'),(53,'ALLENDE'),(54,'VILLA UNION'),(55,'GUERRERO'),(56,'HIDALGO'),(57,'SABINAS'),(58,'SAN JUAN DE SABINAS'),(59,'TORREON'),(60,'MATAMOROS'),(61,'VIESCA'),(62,'OCAMPO'),(63,'NADADORES'),(64,'SIERRA MOJADA'),(65,'CUATRO CIENEGAS'),(66,'LAMADRID'),(67,'SACRAMENTO'),(68,'SAN PEDRO'),(69,'FRANCISCO I. MADERO'),(70,'PARRAS'),(71,'COLIMA'),(72,'TECOMAN'),(73,'MANZANILLO'),(74,'ARMERIA'),(75,'COQUIMATLAN'),(76,'COMALA'),(77,'CUAUHTEMOC'),(78,'IXTLAHUACAN'),(79,'MINATITLAN'),(80,'VILLA DE ALVAREZ'),(81,'TUXTLA GUTIERREZ'),(82,'SAN FERNANDO'),(83,'BERRIOZABAL'),(84,'OCOZOCOAUTLA DE ESPINOSA'),(85,'SUCHIAPA'),(86,'CHIAPA DE CORZO'),(87,'OSUMACINTA'),(88,'SAN CRISTOBAL DE LAS CASAS'),(89,'CHAMULA'),(90,'IXTAPA'),(91,'ZINACANTAN'),(92,'ACALA'),(93,'CHIAPILLA'),(94,'SAN LUCAS'),(95,'TEOPISCA'),(96,'AMATENANGO DEL VALLE'),(97,'CHANAL'),(98,'OXCHUC'),(99,'HUIXTAN'),(100,'TENEJAPA'),(101,'MITONTIC'),(102,'REFORMA'),(103,'JUAREZ'),(104,'PICHUCALCO'),(105,'SUNUAPA'),(106,'OSTUACAN'),(107,'FRANCISCO LEON'),(108,'IXTACOMITAN'),(109,'SOLOSUCHIAPA'),(110,'IXTAPANGAJOYA'),(111,'TECPATAN'),(112,'COPAINALA'),(113,'CHICOASEN'),(114,'COAPILLA'),(115,'PANTEPEC'),(116,'TAPALAPA'),(117,'OCOTEPEC'),(118,'CHAPULTENANGO'),(119,'AMATAN'),(120,'HUITIUPAN'),(121,'IXHUATAN'),(122,'TAPILULA'),(123,'RAYON'),(124,'PUEBLO NUEVO SOLISTAHUACAN'),(125,'JITOTOL'),(126,'BOCHIL'),(127,'SOYALO'),(128,'SAN JUAN CANCUC'),(129,'SABANILLA'),(130,'SIMOJOVEL'),(131,'SAN ANDRES DURAZNAL'),(132,'EL BOSQUE'),(133,'CHALCHIHUITAN'),(134,'LARRAINZAR'),(135,'SANTIAGO EL PINAR'),(136,'CHENALHO'),(137,'ALDAMA'),(138,'PANTELHO'),(139,'SITALA'),(140,'SALTO DE AGUA'),(141,'TILA'),(142,'TUMBALA'),(143,'YAJALON'),(144,'OCOSINGO'),(145,'CHILON'),(146,'BENEMERITO DE LAS AMERICAS'),(147,'MARQUES DE COMILLAS'),(148,'PALENQUE'),(149,'LA LIBERTAD'),(150,'CATAZAJA'),(151,'COMITAN DE DOMINGUEZ'),(152,'TZIMOL'),(153,'CHICOMUSELO'),(154,'BELLA VISTA'),(155,'FRONTERA COMALAPA'),(156,'LA TRINITARIA'),(157,'LA INDEPENDENCIA'),(158,'MARAVILLA TENEJAPA'),(159,'LAS MARGARITAS'),(160,'ALTAMIRANO'),(161,'VENUSTIANO CARRANZA'),(162,'TOTOLAPA'),(163,'NICOLAS RUIZ'),(164,'LAS ROSAS'),(165,'LA CONCORDIA'),(166,'ANGEL ALBINO CORZO'),(167,'MONTECRISTO DE GUERRERO'),(168,'SOCOLTENANGO'),(169,'CINTALAPA'),(170,'JIQUIPILAS'),(171,'ARRIAGA'),(172,'VILLAFLORES'),(173,'TONALA'),(174,'VILLA CORZO'),(175,'PIJIJIAPAN'),(176,'MAPASTEPEC'),(177,'ACAPETAHUA'),(178,'ACACOYAGUA'),(179,'ESCUINTLA'),(180,'VILLA COMALTITLAN'),(181,'HUIXTLA'),(182,'MAZATAN'),(183,'HUEHUETAN'),(184,'TUZANTAN'),(185,'TAPACHULA'),(186,'SUCHIATE'),(187,'FRONTERA HIDALGO'),(188,'METAPA'),(189,'TUXTLA CHICO'),(190,'UNION JUAREZ'),(191,'CACAHOATAN'),(192,'MOTOZINTLA'),(193,'MAZAPA DE MADERO'),(194,'AMATENANGO DE LA FRONTERA'),(195,'BEJUCAL DE OCAMPO'),(196,'LA GRANDEZA'),(197,'EL PORVENIR'),(198,'SILTEPEC'),(199,'CHIHUAHUA'),(200,'CUAUHTEMOC'),(201,'RIVA PALACIO'),(202,'AQUILES SERDAN'),(203,'BACHINIVA'),(204,'GUERRERO'),(205,'NUEVO CASAS GRANDES'),(206,'ASCENSION'),(207,'JANOS'),(208,'CASAS GRANDES'),(209,'GALEANA'),(210,'BUENAVENTURA'),(211,'GOMEZ FARIAS'),(212,'IGNACIO ZARAGOZA'),(213,'MADERA'),(214,'NAMIQUIPA'),(215,'TEMOSACHIC'),(216,'MATACHI'),(217,'JUAREZ'),(218,'GUADALUPE'),(219,'PRAXEDIS G. GUERRERO'),(220,'AHUMADA'),(221,'COYAME DEL SOTOL'),(222,'OJINAGA'),(223,'ALDAMA'),(224,'JULIMES'),(225,'MANUEL BENAVIDES'),(226,'DELICIAS'),(227,'ROSALES'),(228,'MEOQUI'),(229,'DR. BELISARIO DOMINGUEZ'),(230,'SATEVO'),(231,'SAN FRANCISCO DE BORJA'),(232,'NONOAVA'),(233,'GUACHOCHI'),(234,'BOCOYNA'),(235,'CUSIHUIRIACHI'),(236,'GRAN MORELOS'),(237,'SANTA ISABEL'),(238,'CARICHI'),(239,'URUACHI'),(240,'OCAMPO'),(241,'MORIS'),(242,'CHINIPAS'),(243,'MAGUARICHI'),(244,'GUAZAPARES'),(245,'BATOPILAS'),(246,'URIQUE'),(247,'MORELOS'),(248,'GUADALUPE Y CALVO'),(249,'SAN FRANCISCO DEL ORO'),(250,'ROSARIO'),(251,'HUEJOTITAN'),(252,'EL TULE'),(253,'BALLEZA'),(254,'SANTA BARBARA'),(255,'CAMARGO'),(256,'SAUCILLO'),(257,'VALLE DE ZARAGOZA'),(258,'LA CRUZ'),(259,'SAN FRANCISCO DE CONCHOS'),(260,'HIDALGO DEL PARRAL'),(261,'ALLENDE'),(262,'LOPEZ'),(263,'MATAMOROS'),(264,'JIMENEZ'),(265,'CORONADO'),(266,'ALVARO OBREGON'),(267,'AZCAPOTZALCO'),(268,'BENITO JUAREZ'),(269,'COYOACAN'),(270,'CUAJIMALPA DE MORELOS'),(271,'CUAUHTEMOC'),(272,'GUSTAVO A. MADERO'),(273,'IZTACALCO'),(274,'IZTAPALAPA'),(275,'LA MAGDALENA CONTRERAS'),(276,'MIGUEL HIDALGO'),(277,'MILPA ALTA'),(278,'TLAHUAC'),(279,'TLALPAN'),(280,'VENUSTIANO CARRANZA'),(281,'XOCHIMILCO'),(282,'DURANGO'),(283,'CANATLAN'),(284,'NUEVO IDEAL'),(285,'CONETO DE COMONFORT'),(286,'SAN JUAN DEL RIO'),(287,'CANELAS'),(288,'TOPIA'),(289,'TAMAZULA'),(290,'SANTIAGO PAPASQUIARO'),(291,'OTAEZ'),(292,'SAN DIMAS'),(293,'GUADALUPE VICTORIA'),(294,'PEÑON BLANCO'),(295,'PANUCO DE CORONADO'),(296,'POANAS'),(297,'NOMBRE DE DIOS'),(298,'VICENTE GUERRERO'),(299,'SUCHIL'),(300,'PUEBLO NUEVO'),(301,'MEZQUITAL'),(302,'GOMEZ PALACIO'),(303,'LERDO'),(304,'MAPIMI'),(305,'TLAHUALILO'),(306,'HIDALGO'),(307,'OCAMPO'),(308,'GUANACEVI'),(309,'SAN BERNARDO'),(310,'INDE'),(311,'SAN PEDRO DEL GALLO'),(312,'TEPEHUANES'),(313,'EL ORO'),(314,'NAZAS'),(315,'SAN LUIS DEL CORDERO'),(316,'RODEO'),(317,'CUENCAME'),(318,'SANTA CLARA'),(319,'SAN JUAN DE GUADALUPE'),(320,'GENERAL SIMON BOLIVAR'),(321,'GUANAJUATO'),(322,'SILAO DE LA VICTORIA'),(323,'ROMITA'),(324,'SAN FRANCISCO DEL RINCON'),(325,'PURISIMA DEL RINCON'),(326,'MANUEL DOBLADO'),(327,'IRAPUATO'),(328,'SALAMANCA'),(329,'PUEBLO NUEVO'),(330,'PENJAMO'),(331,'CUERAMARO'),(332,'ABASOLO'),(333,'HUANIMARO'),(334,'LEON'),(335,'SAN FELIPE'),(336,'OCAMPO'),(337,'SAN MIGUEL DE ALLENDE'),(338,'DOLORES HIDALGO CUNA DE LA INDEPENDENCIA NACIONAL'),(339,'SAN DIEGO DE LA UNION'),(340,'SAN LUIS DE LA PAZ'),(341,'VICTORIA'),(342,'XICHU'),(343,'ATARJEA'),(344,'SANTA CATARINA'),(345,'DOCTOR MORA'),(346,'TIERRA BLANCA'),(347,'SAN JOSE ITURBIDE'),(348,'CELAYA'),(349,'APASEO EL GRANDE'),(350,'COMONFORT'),(351,'SANTA CRUZ DE JUVENTINO ROSAS'),(352,'VILLAGRAN'),(353,'CORTAZAR'),(354,'VALLE DE SANTIAGO'),(355,'JARAL DEL PROGRESO'),(356,'APASEO EL ALTO'),(357,'JERECUARO'),(358,'CORONEO'),(359,'ACAMBARO'),(360,'TARIMORO'),(361,'TARANDACUAO'),(362,'MOROLEON'),(363,'SALVATIERRA'),(364,'YURIRIA'),(365,'SANTIAGO MARAVATIO'),(366,'URIANGATO'),(367,'CHILPANCINGO DE LOS BRAVO'),(368,'GENERAL HELIODORO CASTILLO'),(369,'LEONARDO BRAVO'),(370,'TIXTLA DE GUERRERO'),(371,'AYUTLA DE LOS LIBRES'),(372,'MOCHITLAN'),(373,'QUECHULTENANGO'),(374,'TECOANAPA'),(375,'ACAPULCO DE JUAREZ'),(376,'JUAN R. ESCUDERO'),(377,'SAN MARCOS'),(378,'IGUALA DE LA INDEPENDENCIA'),(379,'HUITZUCO DE LOS FIGUEROA'),(380,'TEPECOACUILCO DE TRUJANO'),(381,'EDUARDO NERI'),(382,'TAXCO DE ALARCON'),(383,'BUENAVISTA DE CUELLAR'),(384,'TETIPAC'),(385,'PILCAYA'),(386,'TELOLOAPAN'),(387,'IXCATEOPAN DE CUAUHTEMOC'),(388,'PEDRO ASCENCIO ALQUISIRAS'),(389,'GENERAL CANUTO A. NERI'),(390,'ARCELIA'),(391,'APAXTLA'),(392,'CUETZALA DEL PROGRESO'),(393,'COCULA'),(394,'TLAPEHUALA'),(395,'CUTZAMALA DE PINZON'),(396,'PUNGARABATO'),(397,'TLALCHAPA'),(398,'COYUCA DE CATALAN'),(399,'AJUCHITLAN DEL PROGRESO'),(400,'ZIRANDARO'),(401,'SAN MIGUEL TOTOLAPAN'),(402,'LA UNION DE ISIDORO MONTES DE OCA'),(403,'PETATLAN'),(404,'COAHUAYUTLA DE JOSE MARIA IZAZAGA'),(405,'ZIHUATANEJO DE AZUETA'),(406,'TECPAN DE GALEANA'),(407,'ATOYAC DE ALVAREZ'),(408,'BENITO JUAREZ'),(409,'COYUCA DE BENITEZ'),(410,'OLINALA'),(411,'ATENANGO DEL RIO'),(412,'COPALILLO'),(413,'CUALAC'),(414,'CHILAPA DE ALVAREZ'),(415,'JOSE JOAQUIN DE HERRERA'),(416,'AHUACUOTZINGO'),(417,'ZITLALA'),(418,'MARTIR DE CUILAPAN'),(419,'HUAMUXTITLAN'),(420,'XOCHIHUEHUETLAN'),(421,'ALPOYECA'),(422,'TLAPA DE COMONFORT'),(423,'TLALIXTAQUILLA DE MALDONADO'),(424,'XALPATLAHUAC'),(425,'ZAPOTITLAN TABLAS'),(426,'ACATEPEC'),(427,'ATLIXTAC'),(428,'COPANATOYAC'),(429,'MALINALTEPEC'),(430,'ILIATENCO'),(431,'TLACOAPA'),(432,'ATLAMAJALCINGO DEL MONTE'),(433,'SAN LUIS ACATLAN'),(434,'METLATONOC'),(435,'COCHOAPA EL GRANDE'),(436,'ALCOZAUCA DE GUERRERO'),(437,'OMETEPEC'),(438,'TLACOACHISTLAHUACA'),(439,'XOCHISTLAHUACA'),(440,'FLORENCIO VILLARREAL'),(441,'CUAUTEPEC'),(442,'COPALA'),(443,'AZOYU'),(444,'JUCHITAN'),(445,'MARQUELIA'),(446,'CUAJINICUILAPA'),(447,'IGUALAPA'),(448,'PACHUCA DE SOTO'),(449,'MINERAL DEL CHICO'),(450,'MINERAL DEL MONTE'),(451,'AJACUBA'),(452,'SAN AGUSTIN TLAXIACA'),(453,'MINERAL DE LA REFORMA'),(454,'ZAPOTLAN DE JUAREZ'),(455,'JACALA DE LEDEZMA'),(456,'PISAFLORES'),(457,'PACULA'),(458,'LA MISION'),(459,'CHAPULHUACAN'),(460,'IXMIQUILPAN'),(461,'ZIMAPAN'),(462,'NICOLAS FLORES'),(463,'CARDONAL'),(464,'TASQUILLO'),(465,'ALFAJAYUCAN'),(466,'HUICHAPAN'),(467,'TECOZAUTLA'),(468,'NOPALA DE VILLAGRAN'),(469,'ACTOPAN'),(470,'SANTIAGO DE ANAYA'),(471,'SAN SALVADOR'),(472,'FRANCISCO I. MADERO'),(473,'EL ARENAL'),(474,'MIXQUIAHUALA DE JUAREZ'),(475,'PROGRESO DE OBREGON'),(476,'CHILCUAUTLA'),(477,'TEZONTEPEC DE ALDAMA'),(478,'TLAHUELILPAN'),(479,'TULA DE ALLENDE'),(480,'TEPEJI DEL RIO DE OCAMPO'),(481,'CHAPANTONGO'),(482,'TEPETITLAN'),(483,'TETEPANGO'),(484,'TLAXCOAPAN'),(485,'ATITALAQUIA'),(486,'ATOTONILCO DE TULA'),(487,'HUEJUTLA DE REYES'),(488,'SAN FELIPE ORIZATLAN'),(489,'JALTOCAN'),(490,'HUAUTLA'),(491,'ATLAPEXCO'),(492,'HUAZALINGO'),(493,'YAHUALICA'),(494,'XOCHIATIPAN'),(495,'MOLANGO DE ESCAMILLA'),(496,'TEPEHUACAN DE GUERRERO'),(497,'LOLOTLA'),(498,'TLANCHINOL'),(499,'TLAHUILTEPA'),(500,'JUAREZ HIDALGO'),(501,'ZACUALTIPAN DE ANGELES'),(502,'CALNALI'),(503,'XOCHICOATLAN'),(504,'TIANGUISTENGO'),(505,'ATOTONILCO EL GRANDE'),(506,'ELOXOCHITLAN'),(507,'METZTITLAN'),(508,'SAN AGUSTIN METZQUITITLAN'),(509,'METEPEC'),(510,'HUEHUETLA'),(511,'SAN BARTOLO TUTOTEPEC'),(512,'AGUA BLANCA DE ITURBIDE'),(513,'TENANGO DE DORIA'),(514,'HUASCA DE OCAMPO'),(515,'ACATLAN'),(516,'OMITLAN DE JUAREZ'),(517,'EPAZOYUCAN'),(518,'TULANCINGO DE BRAVO'),(519,'ACAXOCHITLAN'),(520,'CUAUTEPEC DE HINOJOSA'),(521,'SANTIAGO TULANTEPEC DE LUGO GUERRERO'),(522,'SINGUILUCAN'),(523,'TIZAYUCA'),(524,'ZEMPOALA'),(525,'TOLCAYUCA'),(526,'VILLA DE TEZONTEPEC'),(527,'APAN'),(528,'TLANALAPA'),(529,'ALMOLOYA'),(530,'EMILIANO ZAPATA'),(531,'TEPEAPULCO'),(532,'GUADALAJARA'),(533,'ZAPOPAN'),(534,'SAN CRISTOBAL DE LA BARRANCA'),(535,'IXTLAHUACAN DEL RIO'),(536,'TALA'),(537,'EL ARENAL'),(538,'AMATITAN'),(539,'TONALA'),(540,'ZAPOTLANEJO'),(541,'ACATIC'),(542,'CUQUIO'),(543,'SAN PEDRO TLAQUEPAQUE'),(544,'TLAJOMULCO DE ZUÑIGA'),(545,'EL SALTO'),(546,'ACATLAN DE JUAREZ'),(547,'VILLA CORONA'),(548,'ZACOALCO DE TORRES'),(549,'ATEMAJAC DE BRIZUELA'),(550,'JOCOTEPEC'),(551,'IXTLAHUACAN DE LOS MEMBRILLOS'),(552,'JUANACATLAN'),(553,'CHAPALA'),(554,'PONCITLAN'),(555,'ZAPOTLAN DEL REY'),(556,'HUEJUQUILLA EL ALTO'),(557,'MEZQUITIC'),(558,'VILLA GUERRERO'),(559,'BOLAÑOS'),(560,'TOTATICHE'),(561,'COLOTLAN'),(562,'SANTA MARIA DE LOS ANGELES'),(563,'HUEJUCAR'),(564,'CHIMALTITAN'),(565,'SAN MARTIN DE BOLAÑOS'),(566,'TEQUILA'),(567,'HOSTOTIPAQUILLO'),(568,'MAGDALENA'),(569,'ETZATLAN'),(570,'SAN MARCOS'),(571,'SAN JUANITO DE ESCOBEDO'),(572,'AMECA'),(573,'AHUALULCO DE MERCADO'),(574,'TEUCHITLAN'),(575,'SAN MARTIN HIDALGO'),(576,'GUACHINANGO'),(577,'MIXTLAN'),(578,'MASCOTA'),(579,'SAN SEBASTIAN DEL OESTE'),(580,'SAN JUAN DE LOS LAGOS'),(581,'JALOSTOTITLAN'),(582,'SAN MIGUEL EL ALTO'),(583,'SAN JULIAN'),(584,'ARANDAS'),(585,'SAN IGNACIO CERRO GORDO'),(586,'TEOCALTICHE'),(587,'VILLA HIDALGO'),(588,'ENCARNACION DE DIAZ'),(589,'YAHUALICA DE GONZALEZ GALLO'),(590,'MEXTICACAN'),(591,'CAÑADAS DE OBREGON'),(592,'VALLE DE GUADALUPE'),(593,'LAGOS DE MORENO'),(594,'OJUELOS DE JALISCO'),(595,'UNION DE SAN ANTONIO'),(596,'SAN DIEGO DE ALEJANDRIA'),(597,'TEPATITLAN DE MORELOS'),(598,'TOTOTLAN'),(599,'ATOTONILCO EL ALTO'),(600,'OCOTLAN'),(601,'JAMAY'),(602,'LA BARCA'),(603,'AYOTLAN'),(604,'JESUS MARIA'),(605,'DEGOLLADO'),(606,'UNION DE TULA'),(607,'AYUTLA'),(608,'ATENGUILLO'),(609,'CUAUTLA'),(610,'ATENGO'),(611,'TALPA DE ALLENDE'),(612,'PUERTO VALLARTA'),(613,'CABO CORRIENTES'),(614,'TOMATLAN'),(615,'COCULA'),(616,'TECOLOTLAN'),(617,'TENAMAXTLAN'),(618,'JUCHITLAN'),(619,'CHIQUILISTLAN'),(620,'EJUTLA'),(621,'EL LIMON'),(622,'EL GRULLO'),(623,'TONAYA'),(624,'TUXCACUESCO'),(625,'VILLA PURIFICACION'),(626,'LA HUERTA'),(627,'AUTLAN DE NAVARRO'),(628,'CASIMIRO CASTILLO'),(629,'CUAUTITLAN DE GARCIA BARRAGAN'),(630,'CIHUATLAN'),(631,'ZAPOTLAN EL GRANDE'),(632,'GOMEZ FARIAS'),(633,'CONCEPCION DE BUENOS AIRES'),(634,'ATOYAC'),(635,'TECHALUTA DE MONTENEGRO'),(636,'TEOCUITATLAN DE CORONA'),(637,'SAYULA'),(638,'TAPALPA'),(639,'AMACUECA'),(640,'TIZAPAN EL ALTO'),(641,'TUXCUECA'),(642,'LA MANZANILLA DE LA PAZ'),(643,'MAZAMITLA'),(644,'VALLE DE JUAREZ'),(645,'QUITUPAN'),(646,'ZAPOTILTIC'),(647,'TAMAZULA DE GORDIANO'),(648,'SAN GABRIEL'),(649,'TOLIMAN'),(650,'ZAPOTITLAN DE VADILLO'),(651,'TUXPAN'),(652,'TONILA'),(653,'PIHUAMO'),(654,'TECALITLAN'),(655,'JILOTLAN DE LOS DOLORES'),(656,'SANTA MARIA DEL ORO'),(657,'TOLUCA'),(658,'ACAMBAY DE RUIZ CASTAÑEDA'),(659,'ACULCO'),(660,'TEMASCALCINGO'),(661,'ATLACOMULCO'),(662,'TIMILPAN'),(663,'MORELOS'),(664,'EL ORO'),(665,'SAN FELIPE DEL PROGRESO'),(666,'SAN JOSE DEL RINCON'),(667,'JOCOTITLAN'),(668,'IXTLAHUACA'),(669,'JIQUIPILCO'),(670,'TEMOAYA'),(671,'ALMOLOYA DE JUAREZ'),(672,'VILLA VICTORIA'),(673,'VILLA DE ALLENDE'),(674,'DONATO GUERRA'),(675,'IXTAPAN DEL ORO'),(676,'SANTO TOMAS'),(677,'OTZOLOAPAN'),(678,'ZACAZONAPAN'),(679,'VALLE DE BRAVO'),(680,'AMANALCO'),(681,'TEMASCALTEPEC'),(682,'ZINACANTEPEC'),(683,'TEJUPILCO'),(684,'LUVIANOS'),(685,'SAN SIMON DE GUERRERO'),(686,'AMATEPEC'),(687,'TLATLAYA'),(688,'SULTEPEC'),(689,'TEXCALTITLAN'),(690,'COATEPEC HARINAS'),(691,'VILLA GUERRERO'),(692,'ZACUALPAN'),(693,'ALMOLOYA DE ALQUISIRAS'),(694,'IXTAPAN DE LA SAL'),(695,'TONATICO'),(696,'ZUMPAHUACAN'),(697,'LERMA'),(698,'XONACATLAN'),(699,'OTZOLOTEPEC'),(700,'SAN MATEO ATENCO'),(701,'METEPEC'),(702,'MEXICALTZINGO'),(703,'CALIMAYA'),(704,'CHAPULTEPEC'),(705,'SAN ANTONIO LA ISLA'),(706,'TENANGO DEL VALLE'),(707,'RAYON'),(708,'JOQUICINGO'),(709,'TENANCINGO'),(710,'MALINALCO'),(711,'OCUILAN'),(712,'ATIZAPAN'),(713,'ALMOLOYA DEL RIO'),(714,'TEXCALYACAC'),(715,'TIANGUISTENCO'),(716,'XALATLACO'),(717,'CAPULHUAC'),(718,'OCOYOACAC'),(719,'HUIXQUILUCAN'),(720,'ATIZAPAN DE ZARAGOZA'),(721,'NAUCALPAN DE JUAREZ'),(722,'TLALNEPANTLA DE BAZ'),(723,'POLOTITLAN'),(724,'JILOTEPEC'),(725,'SOYANIQUILPAN DE JUAREZ'),(726,'VILLA DEL CARBON'),(727,'CHAPA DE MOTA'),(728,'NICOLAS ROMERO'),(729,'ISIDRO FABELA'),(730,'JILOTZINGO'),(731,'TEPOTZOTLAN'),(732,'COYOTEPEC'),(733,'HUEHUETOCA'),(734,'CUAUTITLAN IZCALLI'),(735,'TEOLOYUCAN'),(736,'CUAUTITLAN'),(737,'MELCHOR OCAMPO'),(738,'TULTITLAN'),(739,'TULTEPEC'),(740,'ECATEPEC DE MORELOS'),(741,'ZUMPANGO'),(742,'TEQUIXQUIAC'),(743,'APAXCO'),(744,'HUEYPOXTLA'),(745,'COACALCO DE BERRIOZABAL'),(746,'TECAMAC'),(747,'JALTENCO'),(748,'TONANITLA'),(749,'NEXTLALPAN'),(750,'TEOTIHUACAN'),(751,'SAN MARTIN DE LAS PIRAMIDES'),(752,'ACOLMAN'),(753,'OTUMBA'),(754,'AXAPUSCO'),(755,'NOPALTEPEC'),(756,'TEMASCALAPA'),(757,'TEZOYUCA'),(758,'CHIAUTLA'),(759,'PAPALOTLA'),(760,'TEPETLAOXTOC'),(761,'TEXCOCO'),(762,'CHICONCUAC'),(763,'ATENCO'),(764,'CHIMALHUACAN'),(765,'CHICOLOAPAN'),(766,'LA PAZ'),(767,'IXTAPALUCA'),(768,'CHALCO'),(769,'VALLE DE CHALCO SOLIDARIDAD'),(770,'TEMAMATLA'),(771,'COCOTITLAN'),(772,'TLALMANALCO'),(773,'AYAPANGO'),(774,'TENANGO DEL AIRE'),(775,'OZUMBA'),(776,'JUCHITEPEC'),(777,'TEPETLIXPA'),(778,'AMECAMECA'),(779,'ATLAUTLA'),(780,'ECATZINGO'),(781,'NEZAHUALCOYOTL'),(782,'MORELIA'),(783,'HUANIQUEO'),(784,'COENEO'),(785,'QUIROGA'),(786,'TZINTZUNTZAN'),(787,'LAGUNILLAS'),(788,'ACUITZIO'),(789,'MADERO'),(790,'PURUANDIRO'),(791,'JOSE SIXTO VERDUZCO'),(792,'ANGAMACUTIRO'),(793,'PANINDICUARO'),(794,'ZACAPU'),(795,'TLAZAZALCA'),(796,'PUREPERO'),(797,'JIMENEZ'),(798,'MORELOS'),(799,'HUANDACAREO'),(800,'CUITZEO'),(801,'CHUCANDIRO'),(802,'COPANDARO'),(803,'TARIMBARO'),(804,'SANTA ANA MAYA'),(805,'ALVARO OBREGON'),(806,'ZINAPECUARO'),(807,'INDAPARAPEO'),(808,'QUERENDARO'),(809,'SAHUAYO'),(810,'BRISEÑAS'),(811,'COJUMATLAN DE REGULES'),(812,'VENUSTIANO CARRANZA'),(813,'PAJACUARAN'),(814,'VISTA HERMOSA'),(815,'TANHUATO'),(816,'YURECUARO'),(817,'IXTLAN'),(818,'LA PIEDAD'),(819,'NUMARAN'),(820,'CHURINTZIO'),(821,'ZINAPARO'),(822,'PENJAMILLO'),(823,'MARCOS CASTELLANOS'),(824,'JIQUILPAN'),(825,'VILLAMAR'),(826,'CHAVINDA'),(827,'ZAMORA'),(828,'ECUANDUREO'),(829,'TANGANCICUARO'),(830,'CHILCHOTA'),(831,'JACONA'),(832,'TANGAMANDAPIO'),(833,'COTIJA'),(834,'TOCUMBO'),(835,'TINGÜINDIN'),(836,'URUAPAN'),(837,'CHARAPAN'),(838,'PARACHO'),(839,'CHERAN'),(840,'NAHUATZEN'),(841,'TINGAMBATO'),(842,'LOS REYES'),(843,'PERIBAN'),(844,'TANCITARO'),(845,'NUEVO PARANGARICUTIRO'),(846,'BUENAVISTA'),(847,'TEPALCATEPEC'),(848,'AGUILILLA'),(849,'APATZINGAN'),(850,'PARACUARO'),(851,'COAHUAYANA'),(852,'CHINICUILA'),(853,'COALCOMAN DE VAZQUEZ PALLARES'),(854,'AQUILA'),(855,'TUMBISCATIO'),(856,'ARTEAGA'),(857,'LAZARO CARDENAS'),(858,'EPITACIO HUERTA'),(859,'CONTEPEC'),(860,'TLALPUJAHUA'),(861,'HIDALGO'),(862,'MARAVATIO'),(863,'IRIMBO'),(864,'SENGUIO'),(865,'CHARO'),(866,'TZITZIO'),(867,'TIQUICHEO DE NICOLAS ROMERO'),(868,'APORO'),(869,'ANGANGUEO'),(870,'TUXPAN'),(871,'OCAMPO'),(872,'JUNGAPEO'),(873,'ZITACUARO'),(874,'TUZANTLA'),(875,'JUAREZ'),(876,'SUSUPUATO'),(877,'PATZCUARO'),(878,'ERONGARICUARO'),(879,'HUIRAMBA'),(880,'TACAMBARO'),(881,'TURICATO'),(882,'ZIRACUARETIRO'),(883,'TARETAN'),(884,'GABRIEL ZAMORA'),(885,'NUEVO URECHO'),(886,'MUGICA'),(887,'SALVADOR ESCALANTE'),(888,'ARIO'),(889,'LA HUACANA'),(890,'CHURUMUCO'),(891,'NOCUPETARO'),(892,'CARACUARO'),(893,'HUETAMO'),(894,'SAN LUCAS'),(895,'CUERNAVACA'),(896,'HUITZILAC'),(897,'TEPOZTLAN'),(898,'TLALNEPANTLA'),(899,'TLAYACAPAN'),(900,'JIUTEPEC'),(901,'TEMIXCO'),(902,'MIACATLAN'),(903,'COATLAN DEL RIO'),(904,'TETECALA'),(905,'MAZATEPEC'),(906,'AMACUZAC'),(907,'PUENTE DE IXTLA'),(908,'AYALA'),(909,'YAUTEPEC'),(910,'CUAUTLA'),(911,'EMILIANO ZAPATA'),(912,'TLALTIZAPAN DE ZAPATA'),(913,'ZACATEPEC'),(914,'XOCHITEPEC'),(915,'TETELA DEL VOLCAN'),(916,'YECAPIXTLA'),(917,'TOTOLAPAN'),(918,'ATLATLAHUCAN'),(919,'OCUITUCO'),(920,'TEMOAC'),(921,'ZACUALPAN'),(922,'JOJUTLA'),(923,'TEPALCINGO'),(924,'JONACATEPEC'),(925,'AXOCHIAPAN'),(926,'JANTETELCO'),(927,'TLAQUILTENANGO'),(928,'TEPIC'),(929,'TUXPAN'),(930,'SANTIAGO IXCUINTLA'),(931,'ACAPONETA'),(932,'TECUALA'),(933,'HUAJICORI'),(934,'DEL NAYAR'),(935,'LA YESCA'),(936,'RUIZ'),(937,'ROSAMORADA'),(938,'COMPOSTELA'),(939,'BAHIA DE BANDERAS'),(940,'SAN BLAS'),(941,'XALISCO'),(942,'SAN PEDRO LAGUNILLAS'),(943,'SANTA MARIA DEL ORO'),(944,'JALA'),(945,'AHUACATLAN'),(946,'IXTLAN DEL RIO'),(947,'AMATLAN DE CAÑAS'),(948,'MONTERREY'),(949,'ANAHUAC'),(950,'LAMPAZOS DE NARANJO'),(951,'MINA'),(952,'BUSTAMANTE'),(953,'SABINAS HIDALGO'),(954,'VILLALDAMA'),(955,'VALLECILLO'),(956,'PARAS'),(957,'SALINAS VICTORIA'),(958,'CIENEGA DE FLORES'),(959,'HIDALGO'),(960,'ABASOLO'),(961,'HIGUERAS'),(962,'GENERAL ZUAZUA'),(963,'AGUALEGUAS'),(964,'GENERAL TREVIÑO'),(965,'CERRALVO'),(966,'MELCHOR OCAMPO'),(967,'GARCIA'),(968,'GENERAL ESCOBEDO'),(969,'SANTA CATARINA'),(970,'SAN PEDRO GARZA GARCIA'),(971,'SAN NICOLAS DE LOS GARZA'),(972,'EL CARMEN'),(973,'APODACA'),(974,'PESQUERIA'),(975,'MARIN'),(976,'DOCTOR GONZALEZ'),(977,'LOS RAMONES'),(978,'LOS HERRERAS'),(979,'LOS ALDAMAS'),(980,'DOCTOR COSS'),(981,'GENERAL BRAVO'),(982,'CHINA'),(983,'GUADALUPE'),(984,'JUAREZ'),(985,'SANTIAGO'),(986,'ALLENDE'),(987,'GENERAL TERAN'),(988,'CADEREYTA JIMENEZ'),(989,'MONTEMORELOS'),(990,'RAYONES'),(991,'LINARES'),(992,'ITURBIDE'),(993,'GALEANA'),(994,'HUALAHUISES'),(995,'DOCTOR ARROYO'),(996,'ARAMBERRI'),(997,'GENERAL ZARAGOZA'),(998,'MIER Y NORIEGA'),(999,'OAXACA DE JUAREZ'),(1000,'VILLA DE ETLA'),(1001,'SAN JUAN BAUTISTA ATATLAHUCA'),(1002,'SAN JERONIMO SOSOLA'),(1003,'SAN JUAN BAUTISTA JAYACATLAN'),(1004,'SAN FRANCISCO TELIXTLAHUACA'),(1005,'SANTIAGO TENANGO'),(1006,'SAN PABLO HUITZO'),(1007,'SAN JUAN DEL ESTADO'),(1008,'MAGDALENA APASCO'),(1009,'SANTIAGO SUCHILQUITONGO'),(1010,'SAN JUAN BAUTISTA GUELACHE'),(1011,'REYES ETLA'),(1012,'NAZARENO ETLA'),(1013,'SAN ANDRES ZAUTLA'),(1014,'SAN AGUSTIN ETLA'),(1015,'SOLEDAD ETLA'),(1016,'SANTO TOMAS MAZALTEPEC'),(1017,'GUADALUPE ETLA'),(1018,'SAN PABLO ETLA'),(1019,'SAN FELIPE TEJALAPAM'),(1020,'SAN LORENZO CACAOTEPEC'),(1021,'SANTA MARIA PEÑOLES'),(1022,'SANTIAGO TLAZOYALTEPEC'),(1023,'TLALIXTAC DE CABRERA'),(1024,'SAN JACINTO AMILPAS'),(1025,'SAN ANDRES HUAYAPAM'),(1026,'SAN AGUSTIN YATARENI'),(1027,'SANTO DOMINGO TOMALTEPEC'),(1028,'SANTA MARIA DEL TULE'),(1029,'SAN JUAN BAUTISTA TUXTEPEC'),(1030,'LOMA BONITA'),(1031,'SAN JOSE INDEPENDENCIA'),(1032,'COSOLAPA'),(1033,'ACATLAN DE PEREZ FIGUEROA'),(1034,'SAN MIGUEL SOYALTEPEC'),(1035,'AYOTZINTEPEC'),(1036,'SAN PEDRO IXCATLAN'),(1037,'SAN JOSE CHILTEPEC'),(1038,'SAN FELIPE JALAPA DE DIAZ'),(1039,'SANTA MARIA JACATEPEC'),(1040,'SAN LUCAS OJITLAN'),(1041,'SAN JUAN BAUTISTA VALLE NACIONAL'),(1042,'SAN FELIPE USILA'),(1043,'HUAUTLA DE JIMENEZ'),(1044,'SANTA MARIA CHILCHOTLA'),(1045,'SANTA ANA ATEIXTLAHUACA'),(1046,'SAN LORENZO CUAUNECUILTITLA'),(1047,'SAN FRANCISCO HUEHUETLAN'),(1048,'SAN PEDRO OCOPETATILLO'),(1049,'SANTA CRUZ ACATEPEC'),(1050,'ELOXOCHITLAN DE FLORES MAGON'),(1051,'SANTIAGO TEXCALCINGO'),(1052,'TEOTITLAN DE FLORES MAGON'),(1053,'SANTA MARIA TEOPOXCO'),(1054,'SAN MARTIN TOXPALAN'),(1055,'SAN JERONIMO TECOATL'),(1056,'SANTA MARIA LA ASUNCION'),(1057,'HUAUTEPEC'),(1058,'SAN JUAN COATZOSPAM'),(1059,'SAN LUCAS ZOQUIAPAM'),(1060,'SAN ANTONIO NANAHUATIPAM'),(1061,'SAN JOSE TENANGO'),(1062,'SAN MATEO YOLOXOCHITLAN'),(1063,'SAN BARTOLOME AYAUTLA'),(1064,'MAZATLAN VILLA DE FLORES'),(1065,'SAN JUAN DE LOS CUES'),(1066,'SANTA MARIA TECOMAVACA'),(1067,'SANTA MARIA IXCATLAN'),(1068,'SAN JUAN BAUTISTA CUICATLAN'),(1069,'CUYAMECALCO VILLA DE ZARAGOZA'),(1070,'SANTA ANA CUAUHTEMOC'),(1071,'CHIQUIHUITLAN DE BENITO JUAREZ'),(1072,'SAN PEDRO TEUTILA'),(1073,'SAN MIGUEL SANTA FLOR'),(1074,'SANTA MARIA TLALIXTAC'),(1075,'SAN ANDRES TEOTILALPAM'),(1076,'SAN FRANCISCO CHAPULAPA'),(1077,'CONCEPCION PAPALO'),(1078,'SANTOS REYES PAPALO'),(1079,'SAN JUAN BAUTISTA TLACOATZINTEPEC'),(1080,'SANTA MARIA PAPALO'),(1081,'SAN JUAN TEPEUXILA'),(1082,'SAN PEDRO SOCHIAPAM'),(1083,'VALERIO TRUJANO'),(1084,'SAN PEDRO JOCOTIPAC'),(1085,'SANTA MARIA TEXCATITLAN'),(1086,'SAN PEDRO JALTEPETONGO'),(1087,'SANTIAGO NACALTEPEC'),(1088,'NATIVIDAD'),(1089,'SAN JUAN QUIOTEPEC'),(1090,'SAN PEDRO YOLOX'),(1091,'SANTIAGO COMALTEPEC'),(1092,'ABEJONES'),(1093,'SAN PABLO MACUILTIANGUIS'),(1094,'IXTLAN DE JUAREZ'),(1095,'SAN JUAN ATEPEC'),(1096,'SAN PEDRO YANERI'),(1097,'SAN MIGUEL ALOAPAM'),(1098,'TEOCOCUILCO DE MARCOS PEREZ'),(1099,'SANTA ANA YARENI'),(1100,'SAN JUAN EVANGELISTA ANALCO'),(1101,'SANTA MARIA JALTIANGUIS'),(1102,'SAN MIGUEL DEL RIO'),(1103,'SAN JUAN CHICOMEZUCHIL'),(1104,'CAPULALPAM DE MENDEZ'),(1105,'NUEVO ZOQUIAPAM'),(1106,'SANTIAGO XIACUI'),(1107,'GUELATAO DE JUAREZ'),(1108,'SANTA CATARINA IXTEPEJI'),(1109,'SAN MIGUEL YOTAO'),(1110,'SANTA CATARINA LACHATAO'),(1111,'SAN MIGUEL AMATLAN'),(1112,'SANTA MARIA YAVESIA'),(1113,'SANTIAGO LAXOPA'),(1114,'SAN ILDEFONSO VILLA ALTA'),(1115,'SANTIAGO CAMOTLAN'),(1116,'SAN JUAN YAEE'),(1117,'SANTIAGO LALOPA'),(1118,'SAN JUAN YATZONA'),(1119,'VILLA TALEA DE CASTRO'),(1120,'TANETZE DE ZARAGOZA'),(1121,'SAN JUAN JUQUILA VIJANOS'),(1122,'SAN CRISTOBAL LACHIRIOAG'),(1123,'SANTA MARIA TEMAXCALAPA'),(1124,'SANTO DOMINGO ROAYAGA'),(1125,'SANTA MARIA YALINA'),(1126,'SAN ANDRES SOLAGA'),(1127,'SAN JUAN TABAA'),(1128,'SAN MELCHOR BETAZA'),(1129,'SAN ANDRES YAA'),(1130,'SAN BARTOLOME ZOOGOCHO'),(1131,'SAN BALTAZAR YATZACHI EL BAJO'),(1132,'SANTIAGO ZOOCHILA'),(1133,'VILLA HIDALGO'),(1134,'SAN FRANCISCO CAJONOS'),(1135,'SAN MATEO CAJONOS'),(1136,'SAN PEDRO CAJONOS'),(1137,'SANTO DOMINGO XAGACIA'),(1138,'SAN PABLO YAGANIZA'),(1139,'SANTIAGO CHOAPAM'),(1140,'SANTIAGO JOCOTEPEC'),(1141,'SAN JUAN LALANA'),(1142,'SANTIAGO YAVEO'),(1143,'SAN JUAN PETLAPA'),(1144,'SAN JUAN COMALTEPEC'),(1145,'HEROICA CIUDAD DE HUAJUAPAN DE LEON'),(1146,'SANTIAGO CHAZUMBA'),(1147,'COSOLTEPEC'),(1148,'SAN PEDRO Y SAN PABLO TEQUIXTEPEC'),(1149,'SAN JUAN BAUTISTA SUCHITEPEC'),(1150,'SANTA CATARINA ZAPOQUILA'),(1151,'SANTIAGO MILTEPEC'),(1152,'SAN JERONIMO SILACAYOAPILLA'),(1153,'ZAPOTITLAN PALMAS'),(1154,'SAN ANDRES DINICUITI'),(1155,'SANTIAGO CACALOXTEPEC'),(1156,'ASUNCION CUYOTEPEJI'),(1157,'SANTA MARIA CAMOTLAN'),(1158,'SANTIAGO HUAJOLOTITLAN'),(1159,'SANTIAGO TAMAZOLA'),(1160,'SAN JUAN CIENEGUILLA'),(1161,'ZAPOTITLAN LAGUNAS'),(1162,'SAN JUAN IHUALTEPEC'),(1163,'SAN NICOLAS HIDALGO'),(1164,'GUADALUPE DE RAMIREZ'),(1165,'SAN ANDRES TEPETLAPA'),(1166,'SAN MIGUEL AHUEHUETITLAN'),(1167,'SAN MATEO NEJAPAM'),(1168,'SAN JUAN BAUTISTA TLACHICHILCO'),(1169,'TEZOATLAN DE SEGURA Y LUNA'),(1170,'FRESNILLO DE TRUJANO'),(1171,'SANTIAGO AYUQUILILLA'),(1172,'SAN JOSE AYUQUILA'),(1173,'SAN MARTIN ZACATEPEC'),(1174,'SAN MIGUEL AMATITLAN'),(1175,'MARISCALA DE JUAREZ'),(1176,'SANTA CRUZ TACACHE DE MINA'),(1177,'SAN SIMON ZAHUATLAN'),(1178,'SAN MARCOS ARTEAGA'),(1179,'SAN JORGE NUCHITA'),(1180,'SANTOS REYES YUCUNA'),(1181,'SANTO DOMINGO TONALA'),(1182,'SANTO DOMINGO YODOHINO'),(1183,'SAN JUAN BAUTISTA COIXTLAHUACA'),(1184,'TEPELMEME VILLA DE MORELOS'),(1185,'CONCEPCION BUENAVISTA'),(1186,'SANTIAGO IHUITLAN PLUMAS'),(1187,'TLACOTEPEC PLUMAS'),(1188,'SAN FRANCISCO TEOPAN'),(1189,'SANTA MAGDALENA JICOTLAN'),(1190,'SAN MATEO TLAPILTEPEC'),(1191,'SAN MIGUEL TEQUIXTEPEC'),(1192,'SAN MIGUEL TULANCINGO'),(1193,'SANTIAGO TEPETLAPA'),(1194,'SAN CRISTOBAL SUCHIXTLAHUACA'),(1195,'SANTA MARIA NATIVITAS'),(1196,'SILACAYOAPAM'),(1197,'SANTIAGO YUCUYACHI'),(1198,'SAN LORENZO VICTORIA'),(1199,'SAN AGUSTIN ATENANGO'),(1200,'CALIHUALA'),(1201,'SANTA CRUZ DE BRAVO'),(1202,'IXPANTEPEC NIEVES'),(1203,'SAN FRANCISCO TLAPANCINGO'),(1204,'SANTIAGO DEL RIO'),(1205,'SAN PEDRO Y SAN PABLO TEPOSCOLULA'),(1206,'LA TRINIDAD VISTA HERMOSA'),(1207,'VILLA DE TAMAZULAPAM DEL PROGRESO'),(1208,'SAN PEDRO NOPALA'),(1209,'TEOTONGO'),(1210,'SAN ANTONIO ACUTLA'),(1211,'VILLA TEJUPAM DE LA UNION'),(1212,'SANTO DOMINGO TONALTEPEC'),(1213,'VILLA DE CHILAPA DE DIAZ'),(1214,'SAN ANTONINO MONTE VERDE'),(1215,'SAN ANDRES LAGUNAS'),(1216,'SAN PEDRO YUCUNAMA'),(1217,'SAN JUAN TEPOSCOLULA'),(1218,'SAN BARTOLO SOYALTEPEC'),(1219,'SANTIAGO YOLOMECATL'),(1220,'SAN SEBASTIAN NICANANDUTA'),(1221,'SANTO DOMINGO TLATAYAPAM'),(1222,'SANTA MARIA NDUAYACO'),(1223,'SAN VICENTE NUÑU'),(1224,'SAN PEDRO TOPILTEPEC'),(1225,'SANTIAGO NEJAPILLA'),(1226,'ASUNCION NOCHIXTLAN'),(1227,'SAN MIGUEL HUAUTLA'),(1228,'SAN MIGUEL CHICAHUA'),(1229,'SANTA MARIA APAZCO'),(1230,'SANTIAGO APOALA'),(1231,'SANTA MARIA CHACHOAPAM'),(1232,'SAN PEDRO COXCALTEPEC CANTAROS'),(1233,'SANTIAGO HUAUCLILLA'),(1234,'SANTO DOMINGO YANHUITLAN'),(1235,'SAN ANDRES SINAXTLA'),(1236,'SAN JUAN YUCUITA'),(1237,'SAN JUAN SAYULTEPEC'),(1238,'SANTIAGO TILLO'),(1239,'SAN FRANCISCO CHINDUA'),(1240,'SAN MATEO ETLATONGO'),(1241,'SANTA INES DE ZARAGOZA'),(1242,'SANTIAGO JUXTLAHUACA'),(1243,'SAN MIGUEL TLACOTEPEC'),(1244,'SAN SEBASTIAN TECOMAXTLAHUACA'),(1245,'SANTOS REYES TEPEJILLO'),(1246,'SAN JUAN MIXTEPEC -DTO. 08 -'),(1247,'SAN MARTIN PERAS'),(1248,'COICOYAN DE LAS FLORES'),(1249,'HEROICA CIUDAD DE TLAXIACO'),(1250,'SAN JUAN ÑUMI'),(1251,'SAN PEDRO MARTIR YUCUXACO'),(1252,'SAN MARTIN HUAMELULPAM'),(1253,'SANTA CRUZ TAYATA'),(1254,'SANTIAGO NUNDICHE'),(1255,'SANTA MARIA DEL ROSARIO'),(1256,'SAN JUAN ACHIUTLA'),(1257,'SANTA CATARINA TAYATA'),(1258,'SAN CRISTOBAL AMOLTEPEC'),(1259,'SAN MIGUEL ACHIUTLA'),(1260,'SAN MARTIN ITUNYOSO'),(1261,'MAGDALENA PEÑASCO'),(1262,'SAN BARTOLOME YUCUAÑE'),(1263,'SANTA CRUZ NUNDACO'),(1264,'SAN AGUSTIN TLACOTEPEC'),(1265,'SANTO TOMAS OCOTEPEC'),(1266,'SAN ANTONIO SINICAHUA'),(1267,'SAN MATEO PEÑASCO'),(1268,'SANTA MARIA TATALTEPEC'),(1269,'SAN PEDRO MOLINOS'),(1270,'SANTA MARIA YOSOYUA'),(1271,'SAN JUAN TEITA'),(1272,'MAGDALENA JALTEPEC'),(1273,'MAGDALENA YODOCONO DE PORFIRIO DIAZ'),(1274,'SAN MIGUEL TECOMATLAN'),(1275,'MAGDALENA ZAHUATLAN'),(1276,'SAN FRANCISCO NUXAÑO'),(1277,'SAN PEDRO TIDAA'),(1278,'SAN FRANCISCO JALTEPETONGO'),(1279,'SANTIAGO TILANTONGO'),(1280,'SAN JUAN DIUXI'),(1281,'SAN ANDRES NUXIÑO'),(1282,'SAN JUAN TAMAZOLA'),(1283,'SANTO DOMINGO NUXAA'),(1284,'YUTANDUCHI DE GUERRERO'),(1285,'SAN PEDRO TEOZACOALCO'),(1286,'SAN MIGUEL PIEDRAS'),(1287,'SAN MATEO SINDIHUI'),(1288,'HEROICA CIUDAD DE JUCHITAN DE ZARAGOZA'),(1289,'CIUDAD IXTEPEC'),(1290,'EL ESPINAL'),(1291,'SANTO DOMINGO INGENIO'),(1292,'SANTA MARIA XADANI'),(1293,'SANTIAGO NILTEPEC'),(1294,'SAN DIONISIO DEL MAR'),(1295,'ASUNCION IXTALTEPEC'),(1296,'SAN FRANCISCO DEL MAR'),(1297,'UNION HIDALGO'),(1298,'SAN MIGUEL CHIMALAPA'),(1299,'SANTO DOMINGO ZANATEPEC'),(1300,'REFORMA DE PINEDA'),(1301,'SAN FRANCISCO IXHUATAN'),(1302,'SAN PEDRO TAPANATEPEC'),(1303,'CHAHUITES'),(1304,'SANTIAGO ZACATEPEC'),(1305,'SANTO DOMINGO TEPUXTEPEC'),(1306,'SAN JUAN COTZOCON'),(1307,'SAN JUAN MAZATLAN'),(1308,'TOTONTEPEC VILLA DE MORELOS'),(1309,'MIXISTLAN DE LA REFORMA'),(1310,'SANTA MARIA TLAHUITOLTEPEC'),(1311,'SANTA MARIA ALOTEPEC'),(1312,'SANTIAGO ATITLAN'),(1313,'TAMAZULAPAM DEL ESPIRITU SANTO'),(1314,'SAN PEDRO Y SAN PABLO AYUTLA'),(1315,'SANTA MARIA TEPANTLALI'),(1316,'SAN MIGUEL QUETZALTEPEC'),(1317,'ASUNCION CACALOTEPEC'),(1318,'SAN PEDRO OCOTEPEC'),(1319,'SAN LUCAS CAMOTLAN'),(1320,'SANTIAGO IXCUINTEPEC'),(1321,'MATIAS ROMERO AVENDAÑO'),(1322,'SAN JUAN GUICHICOVI'),(1323,'SANTO DOMINGO PETAPA'),(1324,'SANTA MARIA CHIMALAPA'),(1325,'SANTA MARIA PETAPA'),(1326,'EL BARRIO DE LA SOLEDAD'),(1327,'TLACOLULA DE MATAMOROS'),(1328,'SAN SEBASTIAN ABASOLO'),(1329,'VILLA DIAZ ORDAZ'),(1330,'SANTA MARIA GUELACE'),(1331,'TEOTITLAN DEL VALLE'),(1332,'SAN FRANCISCO LACHIGOLO'),(1333,'SAN SEBASTIAN TEITIPAC'),(1334,'SANTA ANA DEL VALLE'),(1335,'SAN PABLO VILLA DE MITLA'),(1336,'SANTIAGO MATATLAN'),(1337,'SANTO DOMINGO ALBARRADAS'),(1338,'ROJAS DE CUAUHTEMOC'),(1339,'SAN JUAN TEITIPAC'),(1340,'SANTA CRUZ PAPALUTLA'),(1341,'MAGDALENA TEITIPAC'),(1342,'SAN JERONIMO TLACOCHAHUAYA'),(1343,'SAN JUAN GUELAVIA'),(1344,'SAN LUCAS QUIAVINI'),(1345,'SAN JUAN DEL RIO'),(1346,'SAN BARTOLOME QUIALANA'),(1347,'SAN LORENZO ALBARRADAS'),(1348,'SAN PEDRO TOTOLAPAM'),(1349,'SAN PEDRO QUIATONI'),(1350,'SANTA MARIA ZOQUITLAN'),(1351,'SAN DIONISIO OCOTEPEC'),(1352,'SAN CARLOS YAUTEPEC'),(1353,'SAN JUAN JUQUILA MIXES'),(1354,'NEJAPA DE MADERO'),(1355,'SANTA ANA TAVELA'),(1356,'SAN JUAN LAJARCIA'),(1357,'SAN BARTOLO YAUTEPEC'),(1358,'SANTA MARIA ECATEPEC'),(1359,'ASUNCION TLACOLULITA'),(1360,'SAN PEDRO MARTIR QUIECHAPA'),(1361,'SANTA MARIA QUIEGOLANI'),(1362,'SANTA CATARINA QUIOQUITANI'),(1363,'SANTA CATALINA QUIERI'),(1364,'SALINA CRUZ'),(1365,'SANTIAGO LACHIGUIRI'),(1366,'SANTA MARIA JALAPA DEL MARQUES'),(1367,'SANTA MARIA TOTOLAPILLA'),(1368,'SANTIAGO LAOLLAGA'),(1369,'GUEVEA DE HUMBOLDT'),(1370,'SANTO DOMINGO CHIHUITAN'),(1371,'SANTA MARIA GUIENAGATI'),(1372,'MAGDALENA TEQUISISTLAN'),(1373,'MAGDALENA TLACOTEPEC'),(1374,'SAN PEDRO COMITANCILLO'),(1375,'SANTA MARIA MIXTEQUILLA'),(1376,'SANTO DOMINGO TEHUANTEPEC'),(1377,'SAN PEDRO HUAMELULA'),(1378,'SAN PEDRO HUILOTEPEC'),(1379,'SAN MATEO DEL MAR'),(1380,'SAN BLAS ATEMPA'),(1381,'SANTIAGO ASTATA'),(1382,'SAN MIGUEL TENANGO'),(1383,'MIAHUATLAN DE PORFIRIO DIAZ'),(1384,'SAN NICOLAS'),(1385,'SAN SIMON ALMOLONGAS'),(1386,'SAN LUIS AMATLAN'),(1387,'SAN JOSE LACHIGUIRI'),(1388,'SITIO DE XITLAPEHUA'),(1389,'SAN FRANCISCO LOGUECHE'),(1390,'SANTA ANA'),(1391,'SANTA CRUZ XITLA'),(1392,'MONJAS'),(1393,'SAN ILDEFONSO AMATLAN'),(1394,'SANTA CATARINA CUIXTLA'),(1395,'SAN JOSE DEL PEÑASCO'),(1396,'SAN CRISTOBAL AMATLAN'),(1397,'SAN JUAN MIXTEPEC -DTO. 26 -'),(1398,'SAN PEDRO MIXTEPEC -DTO. 26 -'),(1399,'SANTA LUCIA MIAHUATLAN'),(1400,'SAN JERONIMO COATLAN'),(1401,'SAN SEBASTIAN COATLAN'),(1402,'SAN PABLO COATLAN'),(1403,'SAN MATEO RIO HONDO'),(1404,'SANTO TOMAS TAMAZULAPAN'),(1405,'SAN ANDRES PAXTLAN'),(1406,'SANTA MARIA OZOLOTEPEC'),(1407,'SAN MIGUEL COATLAN'),(1408,'SAN SEBASTIAN RIO HONDO'),(1409,'SAN MIGUEL SUCHIXTEPEC'),(1410,'SANTO DOMINGO OZOLOTEPEC'),(1411,'SAN FRANCISCO OZOLOTEPEC'),(1412,'SANTIAGO XANICA'),(1413,'SAN MARCIAL OZOLOTEPEC'),(1414,'SAN JUAN OZOLOTEPEC'),(1415,'SAN PEDRO POCHUTLA'),(1416,'SANTO DOMINGO DE MORELOS'),(1417,'SANTA CATARINA LOXICHA'),(1418,'SAN AGUSTIN LOXICHA'),(1419,'SAN BALTAZAR LOXICHA'),(1420,'SANTA MARIA COLOTEPEC'),(1421,'SAN BARTOLOME LOXICHA'),(1422,'SANTA MARIA TONAMECA'),(1423,'CANDELARIA LOXICHA'),(1424,'PLUMA HIDALGO'),(1425,'SAN PEDRO EL ALTO'),(1426,'SAN MATEO PIÑAS'),(1427,'SANTA MARIA HUATULCO'),(1428,'SAN MIGUEL DEL PUERTO'),(1429,'PUTLA VILLA DE GUERRERO'),(1430,'CONSTANCIA DEL ROSARIO'),(1431,'MESONES HIDALGO'),(1432,'SANTA MARIA ZACATEPEC'),(1433,'SAN PEDRO AMUZGOS'),(1434,'LA REFORMA'),(1435,'SANTA MARIA IPALAPA'),(1436,'CHALCATONGO DE HIDALGO'),(1437,'SANTA MARIA YUCUHITI'),(1438,'SAN ESTEBAN ATATLAHUCA'),(1439,'SANTA CATARINA TICUA'),(1440,'SANTIAGO NUYOO'),(1441,'SANTA CATARINA YOSONOTU'),(1442,'SAN MIGUEL EL GRANDE'),(1443,'SANTO DOMINGO IXCATLAN'),(1444,'SAN PABLO TIJALTEPEC'),(1445,'SANTA CRUZ TACAHUA'),(1446,'SANTA LUCIA MONTEVERDE'),(1447,'SAN ANDRES CABECERA NUEVA'),(1448,'SANTA MARIA YOLOTEPEC'),(1449,'SANTIAGO YOSONDUA'),(1450,'SANTA CRUZ ITUNDUJIA'),(1451,'ZIMATLAN DE ALVAREZ'),(1452,'SAN BERNARDO MIXTEPEC'),(1453,'SANTA CRUZ MIXTEPEC'),(1454,'SAN MIGUEL MIXTEPEC'),(1455,'SANTA MARIA ATZOMPA'),(1456,'SAN ANDRES IXTLAHUACA'),(1457,'SANTA CRUZ AMILPAS'),(1458,'SANTA CRUZ XOXOCOTLAN'),(1459,'SANTA LUCIA DEL CAMINO'),(1460,'SAN PEDRO IXTLAHUACA'),(1461,'SAN ANTONIO DE LA CAL'),(1462,'SAN AGUSTIN DE LAS JUNTAS'),(1463,'SAN PABLO HUIXTEPEC'),(1464,'ANIMAS TRUJANO'),(1465,'SAN JACINTO TLACOTEPEC'),(1466,'SAN RAYMUNDO JALPAN'),(1467,'TRINIDAD ZAACHILA'),(1468,'SANTA MARIA COYOTEPEC'),(1469,'SAN BARTOLO COYOTEPEC'),(1470,'SANTA INES YATZECHE'),(1471,'CIENEGA DE ZIMATLAN'),(1472,'SAN ANTONIO HUITEPEC'),(1473,'VILLA DE ZAACHILA'),(1474,'SAN SEBASTIAN TUTLA'),(1475,'SAN MIGUEL PERAS'),(1476,'SAN PABLO CUATRO VENADOS'),(1477,'SANTA INES DEL MONTE'),(1478,'SANTA GERTRUDIS'),(1479,'SAN ANTONINO EL ALTO'),(1480,'MAGDALENA MIXTEPEC'),(1481,'SANTA CATARINA QUIANE'),(1482,'AYOQUEZCO DE ALDAMA'),(1483,'SANTA ANA TLAPACOYAN'),(1484,'SANTA CRUZ ZENZONTEPEC'),(1485,'SAN FRANCISCO CAHUACUA'),(1486,'SAN MATEO YUCUTINDOO'),(1487,'SANTIAGO TEXTITLAN'),(1488,'SANTIAGO AMOLTEPEC'),(1489,'SANTA MARIA ZANIZA'),(1490,'SANTO DOMINGO TEOJOMULCO'),(1491,'CUILAPAM DE GUERRERO'),(1492,'VILLA SOLA DE VEGA'),(1493,'SANTA MARIA LACHIXIO'),(1494,'SAN VICENTE LACHIXIO'),(1495,'SAN LORENZO TEXMELUCAN'),(1496,'SANTA MARIA SOLA'),(1497,'SAN FRANCISCO SOLA'),(1498,'SAN ILDEFONSO SOLA'),(1499,'SANTIAGO MINAS'),(1500,'HEROICA CIUDAD DE EJUTLA DE CRESPO'),(1501,'SAN MARTIN TILCAJETE'),(1502,'SANTO TOMAS JALIEZA'),(1503,'SAN JUAN CHILATECA'),(1504,'OCOTLAN DE MORELOS'),(1505,'SANTA ANA ZEGACHE'),(1506,'SANTIAGO APOSTOL'),(1507,'SAN ANTONINO CASTILLO VELASCO'),(1508,'ASUNCION OCOTLAN'),(1509,'SAN PEDRO MARTIR'),(1510,'SAN DIONISIO OCOTLAN'),(1511,'MAGDALENA OCOTLAN'),(1512,'SAN MIGUEL TILQUIAPAM'),(1513,'SANTA CATARINA MINAS'),(1514,'SAN BALTAZAR CHICHICAPAM'),(1515,'SAN PEDRO APOSTOL'),(1516,'SANTA LUCIA OCOTLAN'),(1517,'SAN JERONIMO TAVICHE'),(1518,'SAN ANDRES ZABACHE'),(1519,'SAN JOSE DEL PROGRESO'),(1520,'YAXE'),(1521,'SAN PEDRO TAVICHE'),(1522,'SAN MARTIN DE LOS CANSECOS'),(1523,'SAN MARTIN LACHILA'),(1524,'LA PE'),(1525,'LA COMPAÑIA'),(1526,'COATECAS ALTAS'),(1527,'SAN JUAN LACHIGALLA'),(1528,'SAN AGUSTIN AMATENGO'),(1529,'TANICHE'),(1530,'SAN MIGUEL EJUTLA'),(1531,'YOGANA'),(1532,'SAN VICENTE COATLAN'),(1533,'SANTIAGO PINOTEPA NACIONAL'),(1534,'SAN JUAN CACAHUATEPEC'),(1535,'SAN JUAN BAUTISTA LO DE SOTO'),(1536,'MARTIRES DE TACUBAYA'),(1537,'SAN SEBASTIAN IXCAPA'),(1538,'SAN ANTONIO TEPETLAPA'),(1539,'SANTA MARIA CORTIJO'),(1540,'SANTIAGO LLANO GRANDE'),(1541,'SAN MIGUEL TLACAMAMA'),(1542,'SANTIAGO TAPEXTLA'),(1543,'SAN JOSE ESTANCIA GRANDE'),(1544,'SANTO DOMINGO ARMENTA'),(1545,'SANTIAGO JAMILTEPEC'),(1546,'SAN PEDRO ATOYAC'),(1547,'SAN JUAN COLORADO'),(1548,'SANTIAGO IXTAYUTLA'),(1549,'SAN PEDRO JICAYAN'),(1550,'PINOTEPA DE DON LUIS'),(1551,'SAN LORENZO'),(1552,'SAN AGUSTIN CHAYUCO'),(1553,'SAN ANDRES HUAXPALTEPEC'),(1554,'SANTA CATARINA MECHOACAN'),(1555,'SANTIAGO TETEPEC'),(1556,'SANTA MARIA HUAZOLOTITLAN'),(1557,'VILLA DE TUTUTEPEC DE MELCHOR OCAMPO'),(1558,'TATALTEPEC DE VALDES'),(1559,'SAN JUAN QUIAHIJE'),(1560,'SAN MIGUEL PANIXTLAHUACA'),(1561,'SANTA CATARINA JUQUILA'),(1562,'SAN PEDRO JUCHATENGO'),(1563,'SANTIAGO YAITEPEC'),(1564,'SAN JUAN LACHAO'),(1565,'SANTA MARIA TEMAXCALTEPEC'),(1566,'SANTOS REYES NOPALA'),(1567,'SAN GABRIEL MIXTEPEC'),(1568,'SAN PEDRO MIXTEPEC -DTO. 22 -'),(1569,'PUEBLA'),(1570,'TLALTENANGO'),(1571,'SAN MIGUEL XOXTLA'),(1572,'JUAN C. BONILLA'),(1573,'CORONANGO'),(1574,'CUAUTLANCINGO'),(1575,'SAN PEDRO CHOLULA'),(1576,'SAN ANDRES CHOLULA'),(1577,'OCOYUCAN'),(1578,'AMOZOC'),(1579,'FRANCISCO Z. MENA'),(1580,'PANTEPEC'),(1581,'VENUSTIANO CARRANZA'),(1582,'JALPAN'),(1583,'TLAXCO'),(1584,'TLACUILOTEPEC'),(1585,'XICOTEPEC'),(1586,'PAHUATLAN'),(1587,'HONEY'),(1588,'NAUPAN'),(1589,'HUAUCHINANGO'),(1590,'AHUAZOTEPEC'),(1591,'JUAN GALINDO'),(1592,'TLAOLA'),(1593,'ZIHUATEUTLA'),(1594,'JOPALA'),(1595,'TLAPACOYA'),(1596,'CHIGNAHUAPAN'),(1597,'ZACATLAN'),(1598,'CHICONCUAUTLA'),(1599,'AHUACATLAN'),(1600,'TEPETZINTLA'),(1601,'SAN FELIPE TEPATLAN'),(1602,'AMIXTLAN'),(1603,'TEPANGO DE RODRIGUEZ'),(1604,'ZONGOZOTLA'),(1605,'HERMENEGILDO GALEANA'),(1606,'OLINTLA'),(1607,'COATEPEC'),(1608,'CAMOCUAUTLA'),(1609,'HUEYTLALPAN'),(1610,'ZAPOTITLAN DE MENDEZ'),(1611,'HUITZILAN DE SERDAN'),(1612,'XOCHITLAN DE VICENTE SUAREZ'),(1613,'HUEHUETLA'),(1614,'IXTEPEC'),(1615,'ATLEQUIZAYAN'),(1616,'TENAMPULCO'),(1617,'TUZAMAPAN DE GALEANA'),(1618,'CAXHUACAN'),(1619,'JONOTLA'),(1620,'ZOQUIAPAN'),(1621,'NAUZONTLA'),(1622,'CUETZALAN DEL PROGRESO'),(1623,'AYOTOXCO DE GUERRERO'),(1624,'HUEYTAMALCO'),(1625,'ACATENO'),(1626,'CUAUTEMPAN'),(1627,'AQUIXTLA'),(1628,'TETELA DE OCAMPO'),(1629,'XOCHIAPULCO'),(1630,'ZACAPOAXTLA'),(1631,'ZARAGOZA'),(1632,'IXTACAMAXTITLAN'),(1633,'ZAUTLA'),(1634,'OCOTEPEC'),(1635,'LIBRES'),(1636,'TEZIUTLAN'),(1637,'TLATLAUQUITEPEC'),(1638,'YAONAHUAC'),(1639,'HUEYAPAN'),(1640,'TETELES DE AVILA CASTILLO'),(1641,'ATEMPAN'),(1642,'CHIGNAUTLA'),(1643,'XIUTETELCO'),(1644,'CUYOACO'),(1645,'TEPEYAHUALCO'),(1646,'SAN MARTIN TEXMELUCAN'),(1647,'TLAHUAPAN'),(1648,'SAN MATIAS TLALANCALECA'),(1649,'SAN SALVADOR EL VERDE'),(1650,'SAN FELIPE TEOTLALCINGO'),(1651,'CHIAUTZINGO'),(1652,'HUEJOTZINGO'),(1653,'DOMINGO ARENAS'),(1654,'CALPAN'),(1655,'SAN NICOLAS DE LOS RANCHOS'),(1656,'ATLIXCO'),(1657,'NEALTICAN'),(1658,'SAN JERONIMO TECUANIPAN'),(1659,'SAN GREGORIO ATZOMPA'),(1660,'TOCHIMILCO'),(1661,'TIANGUISMANALCO'),(1662,'SANTA ISABEL CHOLULA'),(1663,'HUAQUECHULA'),(1664,'SAN DIEGO LA MESA TOCHIMILTZINGO'),(1665,'TEPEOJUMA'),(1666,'IZUCAR DE MATAMOROS'),(1667,'ATZITZIHUACAN'),(1668,'ACTEOPAN'),(1669,'COHUECAN'),(1670,'TEPEMAXALCO'),(1671,'TLAPANALA'),(1672,'TEPEXCO'),(1673,'TILAPA'),(1674,'CHIETLA'),(1675,'ATZALA'),(1676,'TEOPANTLAN'),(1677,'SAN MARTIN TOTOLTEPEC'),(1678,'XOCHILTEPEC'),(1679,'EPATLAN'),(1680,'AHUATLAN'),(1681,'COATZINGO'),(1682,'SANTA CATARINA TLALTEMPAN'),(1683,'CHIGMECATITLAN'),(1684,'ZACAPALA'),(1685,'TEPEXI DE RODRIGUEZ'),(1686,'TEOTLALCO'),(1687,'JOLALPAN'),(1688,'HUEHUETLAN EL CHICO'),(1689,'CHIAUTLA'),(1690,'COHETZALA'),(1691,'XICOTLAN'),(1692,'CHILA DE LA SAL'),(1693,'IXCAMILPA DE GUERRERO'),(1694,'ALBINO ZERTUCHE'),(1695,'TULCINGO'),(1696,'TEHUITZINGO'),(1697,'CUAYUCA DE ANDRADE'),(1698,'SANTA INES AHUATEMPAN'),(1699,'AXUTLA'),(1700,'CHINANTLA'),(1701,'AHUEHUETITLA'),(1702,'SAN PABLO ANICANO'),(1703,'TECOMATLAN'),(1704,'PIAXTLA'),(1705,'GUADALUPE'),(1706,'IXCAQUIXTLA'),(1707,'COYOTEPEC'),(1708,'XAYACATLAN DE BRAVO'),(1709,'TOTOLTEPEC DE GUERRERO'),(1710,'ACATLAN'),(1711,'SAN JERONIMO XAYACATLAN'),(1712,'SAN PEDRO YELOIXTLAHUACA'),(1713,'PETLALCINGO'),(1714,'SAN MIGUEL IXITLAN'),(1715,'CHILA'),(1716,'RAFAEL LARA GRAJALES'),(1717,'SAN JOSE CHIAPA'),(1718,'ORIENTAL'),(1719,'SAN NICOLAS BUENOS AIRES'),(1720,'GUADALUPE VICTORIA'),(1721,'TLACHICHUCA'),(1722,'LAFRAGUA'),(1723,'CHILCHOTLA'),(1724,'QUIMIXTLAN'),(1725,'CHICHIQUILA'),(1726,'TEPATLAXCO DE HIDALGO'),(1727,'ACAJETE'),(1728,'NOPALUCAN'),(1729,'MAZAPILTEPEC DE JUAREZ'),(1730,'SOLTEPEC'),(1731,'ACATZINGO'),(1732,'SAN SALVADOR EL SECO'),(1733,'GENERAL FELIPE ANGELES'),(1734,'ALJOJUCA'),(1735,'SAN JUAN ATENCO'),(1736,'TEPEACA'),(1737,'CUAUTINCHAN'),(1738,'TECALI DE HERRERA'),(1739,'MIXTLA'),(1740,'SANTO TOMAS HUEYOTLIPAN'),(1741,'TZICATLACOYAN'),(1742,'HUEHUETLAN EL GRANDE'),(1743,'LA MAGDALENA TLATLAUQUITEPEC'),(1744,'SAN JUAN ATZOMPA'),(1745,'HUATLATLAUCA'),(1746,'LOS REYES DE JUAREZ'),(1747,'CUAPIAXTLA DE MADERO'),(1748,'SAN SALVADOR HUIXCOLOTLA'),(1749,'QUECHOLAC'),(1750,'TECAMACHALCO'),(1751,'PALMAR DE BRAVO'),(1752,'CHALCHICOMULA DE SESMA'),(1753,'ATZITZINTLA'),(1754,'ESPERANZA'),(1755,'CAÑADA MORELOS'),(1756,'TLANEPANTLA'),(1757,'TOCHTEPEC'),(1758,'ATOYATEMPAN'),(1759,'TEPEYAHUALCO DE CUAUHTEMOC'),(1760,'HUITZILTEPEC'),(1761,'MOLCAXAC'),(1762,'XOCHITLAN TODOS SANTOS'),(1763,'YEHUALTEPEC'),(1764,'TLACOTEPEC DE BENITO JUAREZ'),(1765,'JUAN N. MENDEZ'),(1766,'TEHUACAN'),(1767,'TEPANCO DE LOPEZ'),(1768,'CHAPULCO'),(1769,'SANTIAGO MIAHUATLAN'),(1770,'NICOLAS BRAVO'),(1771,'ATEXCAL'),(1772,'SAN ANTONIO CAÑADA'),(1773,'ZAPOTITLAN'),(1774,'SAN GABRIEL CHILAC'),(1775,'CALTEPEC'),(1776,'VICENTE GUERRERO'),(1777,'AJALPAN'),(1778,'ELOXOCHITLAN'),(1779,'ZOQUITLAN'),(1780,'SAN SEBASTIAN TLACOTEPEC'),(1781,'ALTEPEXI'),(1782,'ZINACATEPEC'),(1783,'SAN JOSE MIAHUATLAN'),(1784,'COXCATLAN'),(1785,'COYOMEAPAN'),(1786,'QUERETARO'),(1787,'EL MARQUES'),(1788,'COLON'),(1789,'PINAL DE AMOLES'),(1790,'JALPAN DE SERRA'),(1791,'LANDA DE MATAMOROS'),(1792,'ARROYO SECO'),(1793,'PEÑAMILLER'),(1794,'CADEREYTA DE MONTES'),(1795,'SAN JOAQUIN'),(1796,'TOLIMAN'),(1797,'EZEQUIEL MONTES'),(1798,'PEDRO ESCOBEDO'),(1799,'TEQUISQUIAPAN'),(1800,'SAN JUAN DEL RIO'),(1801,'AMEALCO DE BONFIL'),(1802,'CORREGIDORA'),(1803,'HUIMILPAN'),(1804,'OTHON P. BLANCO'),(1805,'FELIPE CARRILLO PUERTO'),(1806,'LAZARO CARDENAS'),(1807,'ISLA MUJERES'),(1808,'BENITO JUAREZ'),(1809,'COZUMEL'),(1810,'SOLIDARIDAD'),(1811,'TULUM'),(1812,'JOSE MARIA MORELOS'),(1813,'BACALAR'),(1814,'SAN LUIS POTOSI'),(1815,'SOLEDAD DE GRACIANO SANCHEZ'),(1816,'CERRO DE SAN PEDRO'),(1817,'AHUALULCO'),(1818,'MEXQUITIC DE CARMONA'),(1819,'VILLA DE ARRIAGA'),(1820,'VANEGAS'),(1821,'CEDRAL'),(1822,'CATORCE'),(1823,'CHARCAS'),(1824,'SALINAS'),(1825,'SANTO DOMINGO'),(1826,'VILLA DE RAMOS'),(1827,'MATEHUALA'),(1828,'VILLA DE LA PAZ'),(1829,'VILLA DE GUADALUPE'),(1830,'GUADALCAZAR'),(1831,'MOCTEZUMA'),(1832,'VENADO'),(1833,'VILLA DE ARISTA'),(1834,'VILLA HIDALGO'),(1835,'ARMADILLO DE LOS INFANTE'),(1836,'CIUDAD VALLES'),(1837,'EBANO'),(1838,'TAMUIN'),(1839,'EL NARANJO'),(1840,'CIUDAD DEL MAIZ'),(1841,'ALAQUINES'),(1842,'CARDENAS'),(1843,'CERRITOS'),(1844,'VILLA JUAREZ'),(1845,'SAN NICOLAS TOLENTINO'),(1846,'VILLA DE REYES'),(1847,'ZARAGOZA'),(1848,'SANTA MARIA DEL RIO'),(1849,'TIERRA NUEVA'),(1850,'RIOVERDE'),(1851,'CIUDAD FERNANDEZ'),(1852,'SAN CIRO DE ACOSTA'),(1853,'TAMASOPO'),(1854,'RAYON'),(1855,'AQUISMON'),(1856,'LAGUNILLAS'),(1857,'SANTA CATARINA'),(1858,'TANCANHUITZ'),(1859,'TANLAJAS'),(1860,'SAN VICENTE TANCUAYALAB'),(1861,'SAN ANTONIO'),(1862,'TANQUIAN DE ESCOBEDO'),(1863,'TAMPAMOLON CORONA'),(1864,'COXCATLAN'),(1865,'HUEHUETLAN'),(1866,'XILITLA'),(1867,'AXTLA DE TERRAZAS'),(1868,'TAMPACAN'),(1869,'SAN MARTIN CHALCHICUAUTLA'),(1870,'TAMAZUNCHALE'),(1871,'MATLAPA'),(1872,'CULIACAN'),(1873,'NAVOLATO'),(1874,'BADIRAGUATO'),(1875,'COSALA'),(1876,'MOCORITO'),(1877,'GUASAVE'),(1878,'AHOME'),(1879,'SALVADOR ALVARADO'),(1880,'ANGOSTURA'),(1881,'CHOIX'),(1882,'EL FUERTE'),(1883,'SINALOA'),(1884,'MAZATLAN'),(1885,'ESCUINAPA'),(1886,'CONCORDIA'),(1887,'ELOTA'),(1888,'ROSARIO'),(1889,'SAN IGNACIO'),(1890,'HERMOSILLO'),(1891,'SAN MIGUEL DE HORCASITAS'),(1892,'CARBO'),(1893,'SAN LUIS RIO COLORADO'),(1894,'PUERTO PEÑASCO'),(1895,'GENERAL PLUTARCO ELIAS CALLES'),(1896,'CABORCA'),(1897,'ALTAR'),(1898,'TUBUTAMA'),(1899,'ATIL'),(1900,'OQUITOA'),(1901,'SARIC'),(1902,'BENJAMIN HILL'),(1903,'TRINCHERAS'),(1904,'PITIQUITO'),(1905,'NOGALES'),(1906,'IMURIS'),(1907,'SANTA CRUZ'),(1908,'MAGDALENA'),(1909,'NACO'),(1910,'AGUA PRIETA'),(1911,'FRONTERAS'),(1912,'NACOZARI DE GARCIA'),(1913,'BAVISPE'),(1914,'BACERAC'),(1915,'HUACHINERA'),(1916,'NACORI CHICO'),(1917,'GRANADOS'),(1918,'BACADEHUACHI'),(1919,'CUMPAS'),(1920,'HUASABAS'),(1921,'MOCTEZUMA'),(1922,'VILLA HIDALGO'),(1923,'SANTA ANA'),(1924,'CANANEA'),(1925,'ARIZPE'),(1926,'CUCURPE'),(1927,'BACOACHI'),(1928,'SAN PEDRO DE LA CUEVA'),(1929,'DIVISADEROS'),(1930,'TEPACHE'),(1931,'VILLA PESQUEIRA'),(1932,'OPODEPE'),(1933,'HUEPAC'),(1934,'BANAMICHI'),(1935,'URES'),(1936,'ACONCHI'),(1937,'BAVIACORA'),(1938,'SAN FELIPE DE JESUS'),(1939,'RAYON'),(1940,'CAJEME'),(1941,'NAVOJOA'),(1942,'HUATABAMPO'),(1943,'BACUM'),(1944,'ETCHOJOA'),(1945,'BENITO JUAREZ'),(1946,'EMPALME'),(1947,'GUAYMAS'),(1948,'SAN IGNACIO RIO MUERTO'),(1949,'LA COLORADA'),(1950,'MAZATAN'),(1951,'SUAQUI GRANDE'),(1952,'SAHUARIPA'),(1953,'SAN JAVIER'),(1954,'SOYOPA'),(1955,'BACANORA'),(1956,'ARIVECHI'),(1957,'ROSARIO'),(1958,'QUIRIEGO'),(1959,'ONAVAS'),(1960,'ALAMOS'),(1961,'YECORA'),(1962,'CENTRO'),(1963,'JALPA DE MENDEZ'),(1964,'NACAJUCA'),(1965,'COMALCALCO'),(1966,'HUIMANGUILLO'),(1967,'CARDENAS'),(1968,'PARAISO'),(1969,'CUNDUACAN'),(1970,'MACUSPANA'),(1971,'CENTLA'),(1972,'JONUTA'),(1973,'TEAPA'),(1974,'JALAPA'),(1975,'TACOTALPA'),(1976,'TENOSIQUE'),(1977,'BALANCAN'),(1978,'EMILIANO ZAPATA'),(1979,'VICTORIA'),(1980,'LLERA'),(1981,'GÜEMEZ'),(1982,'CASAS'),(1983,'MATAMOROS'),(1984,'VALLE HERMOSO'),(1985,'SAN FERNANDO'),(1986,'CRUILLAS'),(1987,'SAN NICOLAS'),(1988,'SOTO LA MARINA'),(1989,'JIMENEZ'),(1990,'SAN CARLOS'),(1991,'ABASOLO'),(1992,'PADILLA'),(1993,'HIDALGO'),(1994,'MAINERO'),(1995,'VILLAGRAN'),(1996,'TULA'),(1997,'JAUMAVE'),(1998,'MIQUIHUANA'),(1999,'BUSTAMANTE'),(2000,'PALMILLAS'),(2001,'OCAMPO'),(2002,'NUEVO LAREDO'),(2003,'MIGUEL ALEMAN'),(2004,'GUERRERO'),(2005,'MIER'),(2006,'GUSTAVO DIAZ ORDAZ'),(2007,'CAMARGO'),(2008,'REYNOSA'),(2009,'RIO BRAVO'),(2010,'MENDEZ'),(2011,'BURGOS'),(2012,'TAMPICO'),(2013,'CIUDAD MADERO'),(2014,'ALTAMIRA'),(2015,'ALDAMA'),(2016,'GONZALEZ'),(2017,'XICOTENCATL'),(2018,'GOMEZ FARIAS'),(2019,'EL MANTE'),(2020,'ANTIGUO MORELOS'),(2021,'NUEVO MORELOS'),(2022,'TLAXCALA'),(2023,'IXTACUIXTLA DE MARIANO MATAMOROS'),(2024,'SANTA ANA NOPALUCAN'),(2025,'PANOTLA'),(2026,'TOTOLAC'),(2027,'TEPEYANCO'),(2028,'SANTA ISABEL XILOXOXTLA'),(2029,'SAN JUAN HUACTZINCO'),(2030,'CALPULALPAN'),(2031,'SANCTORUM DE LAZARO CARDENAS'),(2032,'BENITO JUAREZ'),(2033,'HUEYOTLIPAN'),(2034,'TLAXCO'),(2035,'NANACAMILPA DE MARIANO ARISTA'),(2036,'ESPAÑITA'),(2037,'APIZACO'),(2038,'ATLANGATEPEC'),(2039,'MUÑOZ DE DOMINGO ARENAS'),(2040,'TETLA DE LA SOLIDARIDAD'),(2041,'XALTOCAN'),(2042,'SAN LUCAS TECOPILCO'),(2043,'YAUHQUEMEHCAN'),(2044,'XALOZTOC'),(2045,'TOCATLAN'),(2046,'TZOMPANTEPEC'),(2047,'SAN JOSE TEACALCO'),(2048,'HUAMANTLA'),(2049,'TERRENATE'),(2050,'LAZARO CARDENAS'),(2051,'EMILIANO ZAPATA'),(2052,'ATLTZAYANCA'),(2053,'CUAPIAXTLA'),(2054,'EL CARMEN TEQUEXQUITLA'),(2055,'IXTENCO'),(2056,'ZILTLALTEPEC DE TRINIDAD SANCHEZ SANTOS'),(2057,'APETATITLAN DE ANTONIO CARVAJAL'),(2058,'AMAXAC DE GUERRERO'),(2059,'SANTA CRUZ TLAXCALA'),(2060,'CUAXOMULCO'),(2061,'CONTLA DE JUAN CUAMATZI'),(2062,'TEPETITLA DE LARDIZABAL'),(2063,'NATIVITAS'),(2064,'SANTA APOLONIA TEACALCO'),(2065,'TETLATLAHUCA'),(2066,'SAN DAMIAN TEXOLOC'),(2067,'SAN JERONIMO ZACUALPAN'),(2068,'ZACATELCO'),(2069,'SAN LORENZO AXOCOMANITLA'),(2070,'SANTA CATARINA AYOMETLA'),(2071,'XICOHTZINCO'),(2072,'PAPALOTLA DE XICOHTENCATL'),(2073,'CHIAUTEMPAN'),(2074,'LA MAGDALENA TLALTELULCO'),(2075,'SAN FRANCISCO TETLANOHCAN'),(2076,'TEOLOCHOLCO'),(2077,'ACUAMANALA DE MIGUEL HIDALGO'),(2078,'SANTA CRUZ QUILEHTLA'),(2079,'MAZATECOCHCO DE JOSE MARIA MORELOS'),(2080,'TENANCINGO'),(2081,'SAN PABLO DEL MONTE'),(2082,'XALAPA'),(2083,'TLALNELHUAYOCAN'),(2084,'XICO'),(2085,'IXHUACAN DE LOS REYES'),(2086,'AYAHUALULCO'),(2087,'PEROTE'),(2088,'BANDERILLA'),(2089,'RAFAEL LUCIO'),(2090,'ACAJETE'),(2091,'LAS VIGAS DE RAMIREZ'),(2092,'VILLA ALDAMA'),(2093,'TLACOLULAN'),(2094,'TONAYAN'),(2095,'COACOATZINTLA'),(2096,'JILOTEPEC'),(2097,'NAOLINCO'),(2098,'MIAHUATLAN'),(2099,'ACATLAN'),(2100,'TEPETLAN'),(2101,'JUCHIQUE DE FERRER'),(2102,'ALTO LUCERO DE GUTIERREZ BARRIOS'),(2103,'ACTOPAN'),(2104,'COATEPEC'),(2105,'TEOCELO'),(2106,'COSAUTLAN DE CARVAJAL'),(2107,'EMILIANO ZAPATA'),(2108,'APAZAPAN'),(2109,'PUENTE NACIONAL'),(2110,'URSULO GALVAN'),(2111,'PASO DE OVEJAS'),(2112,'LA ANTIGUA'),(2113,'VERACRUZ'),(2114,'PANUCO'),(2115,'PUEBLO VIEJO'),(2116,'TAMPICO ALTO'),(2117,'TEMPOAL'),(2118,'OZULUAMA DE MASCAREÑAS'),(2119,'TANTOYUCA'),(2120,'PLATON SANCHEZ'),(2121,'CHICONAMEL'),(2122,'CHALMA'),(2123,'CHONTLA'),(2124,'CITLALTEPETL'),(2125,'IXCATEPEC'),(2126,'NARANJOS AMATLAN'),(2127,'EL HIGO'),(2128,'CHINAMPA DE GOROSTIZA'),(2129,'TANTIMA'),(2130,'TAMALIN'),(2131,'CERRO AZUL'),(2132,'TEPETZINTLA'),(2133,'TANCOCO'),(2134,'TAMIAHUA'),(2135,'HUAYACOCOTLA'),(2136,'ILAMATLAN'),(2137,'ZONTECOMATLAN DE LOPEZ Y FUENTES'),(2138,'TEXCATEPEC'),(2139,'ZACUALPAN'),(2140,'BENITO JUAREZ'),(2141,'TLACHICHILCO'),(2142,'IXHUATLAN DE MADERO'),(2143,'CHICONTEPEC'),(2144,'ALAMO TEMAPACHE'),(2145,'TUXPAN'),(2146,'TIHUATLAN'),(2147,'CASTILLO DE TEAYO'),(2148,'CAZONES DE HERRERA'),(2149,'ZOZOCOLCO DE HIDALGO'),(2150,'CHUMATLAN'),(2151,'COXQUIHUI'),(2152,'MECATLAN'),(2153,'FILOMENO MATA'),(2154,'COAHUITLAN'),(2155,'COYUTLA'),(2156,'COATZINTLA'),(2157,'ESPINAL'),(2158,'POZA RICA DE HIDALGO'),(2159,'PAPANTLA'),(2160,'GUTIERREZ ZAMORA'),(2161,'TECOLUTLA'),(2162,'MARTINEZ DE LA TORRE'),(2163,'SAN RAFAEL'),(2164,'TLAPACOYAN'),(2165,'JALACINGO'),(2166,'ATZALAN'),(2167,'ALTOTONGA'),(2168,'LAS MINAS'),(2169,'TATATILA'),(2170,'TENOCHTITLAN'),(2171,'NAUTLA'),(2172,'MISANTLA'),(2173,'LANDERO Y COSS'),(2174,'CHICONQUIACO'),(2175,'YECUATLA'),(2176,'COLIPA'),(2177,'VEGA DE ALATORRE'),(2178,'JALCOMULCO'),(2179,'TLALTETELA'),(2180,'TENAMPA'),(2181,'TOTUTLA'),(2182,'SOCHIAPA'),(2183,'TLACOTEPEC DE MEJIA'),(2184,'HUATUSCO'),(2185,'CALCAHUALCO'),(2186,'ALPATLAHUAC'),(2187,'COSCOMATEPEC'),(2188,'LA PERLA'),(2189,'CHOCAMAN'),(2190,'TOMATLAN'),(2191,'IXHUATLAN DEL CAFE'),(2192,'TEPATLAXCO'),(2193,'COMAPA'),(2194,'ZENTLA'),(2195,'CAMARON DE TEJEDA'),(2196,'SOLEDAD DE DOBLADO'),(2197,'MANLIO FABIO ALTAMIRANO'),(2198,'JAMAPA'),(2199,'MEDELLIN'),(2200,'BOCA DEL RIO'),(2201,'ORIZABA'),(2202,'RAFAEL DELGADO'),(2203,'MARIANO ESCOBEDO'),(2204,'IXHUATLANCILLO'),(2205,'ATZACAN'),(2206,'IXTACZOQUITLAN'),(2207,'FORTIN'),(2208,'CORDOBA'),(2209,'MALTRATA'),(2210,'NOGALES'),(2211,'RIO BLANCO'),(2212,'CAMERINO Z. MENDOZA'),(2213,'AQUILA'),(2214,'ACULTZINGO'),(2215,'SOLEDAD ATZOMPA'),(2216,'HUILOAPAN DE CUAUHTEMOC'),(2217,'TLAQUILPA'),(2218,'ASTACINGA'),(2219,'XOXOCOTLA'),(2220,'ATLAHUILCO'),(2221,'TEQUILA'),(2222,'SAN ANDRES TENEJAPAN'),(2223,'TLILAPAN'),(2224,'MAGDALENA'),(2225,'NARANJAL'),(2226,'COETZALA'),(2227,'OMEALCA'),(2228,'CUITLAHUAC'),(2229,'CUICHAPA'),(2230,'YANGA'),(2231,'AMATLAN DE LOS REYES'),(2232,'ATOYAC'),(2233,'PASO DEL MACHO'),(2234,'CARRILLO PUERTO'),(2235,'COTAXTLA'),(2236,'ZONGOLICA'),(2237,'TEHUIPANGO'),(2238,'MIXTLA DE ALTAMIRANO'),(2239,'LOS REYES'),(2240,'TEXHUACAN'),(2241,'TEZONAPA'),(2242,'TIERRA BLANCA'),(2243,'TLALIXCOYAN'),(2244,'IGNACIO DE LA LLAVE'),(2245,'ALVARADO'),(2246,'LERDO DE TEJADA'),(2247,'TRES VALLES'),(2248,'CARLOS A. CARRILLO'),(2249,'COSAMALOAPAN DE CARPIO'),(2250,'IXMATLAHUACAN'),(2251,'ACULA'),(2252,'AMATITLAN'),(2253,'TLACOTALPAN'),(2254,'SALTABARRANCA'),(2255,'OTATITLAN'),(2256,'TLACOJALPAN'),(2257,'TUXTILLA'),(2258,'CHACALTIANGUIS'),(2259,'JOSE AZUETA'),(2260,'PLAYA VICENTE'),(2261,'SANTIAGO SOCHIAPAN'),(2262,'ISLA'),(2263,'JUAN RODRIGUEZ CLARA'),(2264,'SAN ANDRES TUXTLA'),(2265,'SANTIAGO TUXTLA'),(2266,'ANGEL R. CABADA'),(2267,'HUEYAPAN DE OCAMPO'),(2268,'CATEMACO'),(2269,'SOTEAPAN'),(2270,'MECAYAPAN'),(2271,'TATAHUICAPAN DE JUAREZ'),(2272,'PAJAPAN'),(2273,'CHINAMECA'),(2274,'ACAYUCAN'),(2275,'SAN JUAN EVANGELISTA'),(2276,'SAYULA DE ALEMAN'),(2277,'OLUTA'),(2278,'SOCONUSCO'),(2279,'TEXISTEPEC'),(2280,'JALTIPAN'),(2281,'ZARAGOZA'),(2282,'OTEAPAN'),(2283,'COSOLEACAQUE'),(2284,'NANCHITAL DE LAZARO CARDENAS DEL RIO'),(2285,'IXHUATLAN DEL SURESTE'),(2286,'MOLOACAN'),(2287,'COATZACOALCOS'),(2288,'AGUA DULCE'),(2289,'MINATITLAN'),(2290,'HIDALGOTITLAN'),(2291,'JESUS CARRANZA'),(2292,'LAS CHOAPAS'),(2293,'UXPANAPA'),(2294,'MERIDA'),(2295,'PROGRESO'),(2296,'CHICXULUB PUEBLO'),(2297,'IXIL'),(2298,'CONKAL'),(2299,'YAXKUKUL'),(2300,'HUNUCMA'),(2301,'UCU'),(2302,'KINCHIL'),(2303,'TETIZ'),(2304,'CELESTUN'),(2305,'KANASIN'),(2306,'TIMUCUY'),(2307,'ACANCEH'),(2308,'TIXPEHUAL'),(2309,'UMAN'),(2310,'TELCHAC PUEBLO'),(2311,'DZEMUL'),(2312,'TELCHAC PUERTO'),(2313,'CANSAHCAB'),(2314,'SINANCHE'),(2315,'YOBAIN'),(2316,'MOTUL'),(2317,'BACA'),(2318,'MOCOCHA'),(2319,'MUXUPIP'),(2320,'CACALCHEN'),(2321,'BOKOBA'),(2322,'TIXKOKOB'),(2323,'HOCTUN'),(2324,'TAHMEK'),(2325,'DZIDZANTUN'),(2326,'TEMAX'),(2327,'TEKANTO'),(2328,'TEYA'),(2329,'SUMA'),(2330,'TEPAKAN'),(2331,'TEKAL DE VENEGAS'),(2332,'IZAMAL'),(2333,'HOCABA'),(2334,'XOCCHEL'),(2335,'SEYE'),(2336,'CUZAMA'),(2337,'HOMUN'),(2338,'SANAHCAT'),(2339,'HUHI'),(2340,'DZILAM GONZALEZ'),(2341,'DZILAM DE BRAVO'),(2342,'PANABA'),(2343,'SAN FELIPE'),(2344,'BUCTZOTZ'),(2345,'SUCILA'),(2346,'CENOTILLO'),(2347,'DZONCAUICH'),(2348,'TUNKAS'),(2349,'QUINTANA ROO'),(2350,'DZITAS'),(2351,'KANTUNIL'),(2352,'SUDZAL'),(2353,'TEKIT'),(2354,'SOTUTA'),(2355,'TIZIMIN'),(2356,'RIO LAGARTOS'),(2357,'ESPITA'),(2358,'TEMOZON'),(2359,'CALOTMUL'),(2360,'TINUM'),(2361,'CHANKOM'),(2362,'CHICHIMILA'),(2363,'TIXCACALCUPUL'),(2364,'KAUA'),(2365,'CUNCUNUL'),(2366,'TEKOM'),(2367,'CHEMAX'),(2368,'VALLADOLID'),(2369,'UAYMA'),(2370,'MAXCANU'),(2371,'SAMAHIL'),(2372,'OPICHEN'),(2373,'CHOCHOLA'),(2374,'KOPOMA'),(2375,'TECOH'),(2376,'ABALA'),(2377,'HALACHO'),(2378,'MUNA'),(2379,'SACALUM'),(2380,'MANI'),(2381,'DZAN'),(2382,'CHAPAB'),(2383,'TICUL'),(2384,'OXKUTZCAB'),(2385,'SANTA ELENA'),(2386,'MAMA'),(2387,'CHUMAYEL'),(2388,'MAYAPAN'),(2389,'TEABO'),(2390,'CANTAMAYEC'),(2391,'YAXCABA'),(2392,'PETO'),(2393,'CHIKINDZONOT'),(2394,'TAHDZIU'),(2395,'TIXMEHUAC'),(2396,'CHACSINKIN'),(2397,'TZUCACAB'),(2398,'TEKAX'),(2399,'AKIL'),(2400,'ZACATECAS'),(2401,'MORELOS'),(2402,'VETAGRANDE'),(2403,'CONCEPCION DEL ORO'),(2404,'MELCHOR OCAMPO'),(2405,'MAZAPIL'),(2406,'EL SALVADOR'),(2407,'JUAN ALDAMA'),(2408,'MIGUEL AUZA'),(2409,'GENERAL FRANCISCO R. MURGUIA'),(2410,'RIO GRANDE'),(2411,'VILLA DE COS'),(2412,'CAÑITAS DE FELIPE PESCADOR'),(2413,'CALERA'),(2414,'PANUCO'),(2415,'GENERAL ENRIQUE ESTRADA'),(2416,'GUADALUPE'),(2417,'TRANCOSO'),(2418,'GENARO CODINA'),(2419,'CUAUHTEMOC'),(2420,'OJOCALIENTE'),(2421,'GENERAL PANFILO NATERA'),(2422,'LUIS MOYA'),(2423,'LORETO'),(2424,'VILLA GONZALEZ ORTEGA'),(2425,'NORIA DE ANGELES'),(2426,'VILLA GARCIA'),(2427,'PINOS'),(2428,'VILLA HIDALGO'),(2429,'FRESNILLO'),(2430,'SOMBRERETE'),(2431,'SAIN ALTO'),(2432,'VALPARAISO'),(2433,'CHALCHIHUITES'),(2434,'JIMENEZ DEL TEUL'),(2435,'JEREZ'),(2436,'MONTE ESCOBEDO'),(2437,'SUSTICACAN'),(2438,'VILLANUEVA'),(2439,'TEPETONGO'),(2440,'EL PLATEADO DE JOAQUIN AMARO'),(2441,'JALPA'),(2442,'TABASCO'),(2443,'HUANUSCO'),(2444,'TLALTENANGO DE SANCHEZ ROMAN'),(2445,'MOMAX'),(2446,'ATOLINGA'),(2447,'TEPECHITLAN'),(2448,'BENITO JUAREZ'),(2449,'TEUL DE GONZALEZ ORTEGA'),(2450,'SANTA MARIA DE LA PAZ'),(2451,'TRINIDAD GARCIA DE LA CADENA'),(2452,'MEZQUITAL DEL ORO'),(2453,'NOCHISTLAN DE MEJIA'),(2454,'APULCO'),(2455,'APOZOL'),(2456,'JUCHIPILA'),(2457,'MOYAHUA DE ESTRADA');
/*!40000 ALTER TABLE `municipios` ENABLE KEYS */;
UNLOCK TABLES;

--
-- Table structure for table `municipios_colonias`
--

DROP TABLE IF EXISTS `municipios_colonias`;
/*!40101 SET @saved_cs_client     = @@character_set_client */;
 SET character_set_client = utf8mb4 ;
CREATE TABLE `municipios_colonias` (
  `id` int(11) NOT NULL AUTO_INCREMENT,
  `municipios_id` int(11) NOT NULL,
  `colonia_id` int(11) NOT NULL,
  PRIMARY KEY (`id`),
  KEY `fk_municipios_colonias_municipios1_idx` (`municipios_id`),
  KEY `fk_municipios_colonias_colonia1_idx` (`colonia_id`),
  CONSTRAINT `fk_municipios_colonias_colonia1` FOREIGN KEY (`colonia_id`) REFERENCES `colonia` (`id`),
  CONSTRAINT `fk_municipios_colonias_municipios1` FOREIGN KEY (`municipios_id`) REFERENCES `municipios` (`id`)
) ENGINE=InnoDB AUTO_INCREMENT=63 DEFAULT CHARSET=utf8mb4 COLLATE=utf8mb4_0900_ai_ci;
/*!40101 SET character_set_client = @saved_cs_client */;

--
-- Dumping data for table `municipios_colonias`
--

LOCK TABLES `municipios_colonias` WRITE;
/*!40000 ALTER TABLE `municipios_colonias` DISABLE KEYS */;
INSERT INTO `municipios_colonias` VALUES (1,1656,1),(2,1656,2),(3,1656,3),(4,1656,4),(5,1656,5),(6,1656,6),(7,1656,7),(8,1656,8),(9,1656,9),(10,1656,10),(11,1656,11),(12,1656,12),(13,1656,13),(14,1656,14),(15,1656,15),(16,1656,16),(17,1656,17),(18,1656,18),(19,1656,19),(20,1656,20),(21,1656,21),(22,1656,22),(23,1656,23),(24,1656,24),(25,1656,25),(26,1656,26),(27,1656,27),(28,1656,28),(29,1656,29),(30,1656,30),(31,1656,31),(32,1656,32),(33,1656,33),(34,1656,34),(35,1656,35),(36,1656,36),(37,1656,37),(38,1656,38),(39,1656,39),(40,1656,40),(41,1656,41),(42,1656,42),(43,1656,43),(44,1656,44),(45,1656,45),(46,1656,46),(47,1656,47),(48,1656,48),(49,1656,49),(50,1656,50),(51,1656,51),(52,1656,52),(53,1656,53),(54,1656,54),(55,1656,55),(56,1656,56),(57,1656,57),(58,1614,58),(59,1614,59),(60,1614,60),(61,1614,61),(62,1614,62);
/*!40000 ALTER TABLE `municipios_colonias` ENABLE KEYS */;
UNLOCK TABLES;

--
-- Table structure for table `municipios_localidad`
--

DROP TABLE IF EXISTS `municipios_localidad`;
/*!40101 SET @saved_cs_client     = @@character_set_client */;
 SET character_set_client = utf8mb4 ;
CREATE TABLE `municipios_localidad` (
  `id` int(11) NOT NULL AUTO_INCREMENT,
  `municipios_id` int(11) NOT NULL,
  `localidad_id` int(11) NOT NULL,
  PRIMARY KEY (`id`),
  KEY `fk_municipios_localidad_municipios1_idx` (`municipios_id`),
  KEY `fk_municipios_localidad_localidad1_idx` (`localidad_id`),
  CONSTRAINT `fk_municipios_localidad_localidad1` FOREIGN KEY (`localidad_id`) REFERENCES `localidad` (`id`),
  CONSTRAINT `fk_municipios_localidad_municipios1` FOREIGN KEY (`municipios_id`) REFERENCES `municipios` (`id`)
) ENGINE=InnoDB AUTO_INCREMENT=173 DEFAULT CHARSET=utf8mb4 COLLATE=utf8mb4_0900_ai_ci;
/*!40101 SET character_set_client = @saved_cs_client */;

--
-- Dumping data for table `municipios_localidad`
--

LOCK TABLES `municipios_localidad` WRITE;
/*!40000 ALTER TABLE `municipios_localidad` DISABLE KEYS */;
INSERT INTO `municipios_localidad` VALUES (1,1656,1),(2,1656,2),(3,1656,3),(4,1656,4),(5,1656,5),(6,1656,6),(7,1656,7),(8,1656,8),(9,1656,9),(10,1656,10),(11,1656,11),(12,1656,12),(13,1656,13),(14,1656,14),(15,1656,15),(16,1656,16),(17,1656,17),(18,1656,18),(19,1656,19),(20,1656,20),(21,1656,21),(22,1656,22),(23,1656,23),(24,1656,24),(25,1656,25),(26,1656,26),(27,1656,27),(28,1656,28),(29,1656,29),(30,1656,30),(31,1656,31),(32,1656,32),(33,1656,33),(34,1656,34),(35,1656,35),(36,1656,36),(37,1656,37),(38,1656,38),(39,1656,39),(40,1656,40),(41,1656,41),(42,1656,42),(43,1656,43),(44,1656,44),(45,1656,45),(46,1656,46),(47,1656,47),(48,1656,48),(49,1656,49),(50,1656,50),(51,1656,51),(52,1656,52),(53,1656,53),(54,1656,54),(55,1656,55),(56,1656,60),(57,1656,61),(58,1656,62),(59,1656,63),(60,1656,64),(61,1656,65),(62,1656,66),(63,1656,67),(64,1656,68),(65,1656,69),(66,1656,70),(67,1656,71),(68,1656,72),(69,1656,73),(70,1656,74),(71,1656,75),(72,1656,76),(73,1656,77),(74,1656,78),(75,1656,79),(76,1656,80),(77,1656,81),(78,1656,82),(79,1656,83),(80,1656,84),(81,1656,85),(82,1656,86),(83,1656,87),(84,1656,88),(85,1656,89),(86,1656,90),(87,1656,91),(88,1656,92),(89,1656,93),(90,1656,94),(91,1656,95),(92,1656,96),(93,1656,97),(94,1656,98),(95,1656,99),(96,1656,100),(97,1656,101),(98,1656,102),(99,1656,103),(100,1656,104),(101,1656,105),(102,1656,106),(103,1656,107),(104,1656,108),(105,1656,109),(106,1656,110),(107,1656,111),(108,1656,112),(109,1656,113),(110,1656,114),(111,1656,115),(112,1656,116),(113,1656,117),(114,1656,118),(115,1656,119),(116,1656,120),(117,1656,121),(118,1656,122),(119,1656,123),(120,1656,124),(121,1656,125),(122,1656,126),(123,1656,127),(124,1656,128),(125,1656,129),(126,1656,130),(127,1656,131),(128,1656,132),(129,1656,133),(130,1656,134),(131,1656,135),(132,1656,136),(133,1656,137),(134,1656,138),(135,1656,139),(136,1656,140),(137,1656,141),(138,1656,142),(139,1656,143),(140,1656,144),(141,1656,145),(142,1656,146),(143,1656,147),(144,1656,148),(145,1656,149),(146,1656,150),(147,1656,151),(148,1656,152),(149,1656,153),(150,1656,154),(151,1656,155),(152,1656,156),(153,1656,157),(154,1656,158),(155,1656,159),(156,1656,160),(157,1656,161),(158,1656,162),(159,1656,163),(160,1656,164),(162,1614,174),(163,1614,175),(164,1614,176),(165,1614,177),(166,1614,178),(167,1614,179),(168,1614,180),(169,1614,181),(170,1614,182),(171,1614,183),(172,1614,184);
/*!40000 ALTER TABLE `municipios_localidad` ENABLE KEYS */;
UNLOCK TABLES;
/*!40103 SET TIME_ZONE=@OLD_TIME_ZONE */;

/*!40101 SET SQL_MODE=@OLD_SQL_MODE */;
/*!40014 SET FOREIGN_KEY_CHECKS=@OLD_FOREIGN_KEY_CHECKS */;
/*!40014 SET UNIQUE_CHECKS=@OLD_UNIQUE_CHECKS */;
/*!40101 SET CHARACTER_SET_CLIENT=@OLD_CHARACTER_SET_CLIENT */;
/*!40101 SET CHARACTER_SET_RESULTS=@OLD_CHARACTER_SET_RESULTS */;
/*!40101 SET COLLATION_CONNECTION=@OLD_COLLATION_CONNECTION */;
/*!40111 SET SQL_NOTES=@OLD_SQL_NOTES */;

-- Dump completed on 2018-09-07  9:11:23
